Startup_ID,Startup_Name,sector,founded_year,headquarters,founder_count,funding_stage,current_status,Total_Funding_Raised,Latest_Funding_Amount,Latest_Funding_Round,Latest_Funding_Date,Number_of_Funding_Rounds,Funding_Timeline,Investors_List,Last_Funding_Lead_Investor,Valuation,Revenue,Profit_or_Loss,Gross_Margin,Employee_Count,Monthly_Visits,Google_Trends_Score,App_Downloads,App_Rating,App_Reviews_Count,TAM,TAM_Growth_Rate,Market_Size_Category,Positive_News_Count,Negative_News_Count,Neutral_News_Count,Total_News_Count,Historical_Exit_Type,Exit_Year,Exit_Valuation_USD_Million,Acquirer_Name,Exit_Status,Exit_Reason,Years_to_Exit,Funding_Score,Financial_Health_Score,Growth_Score,Market_Opportunity_Score,Popularity_Score,Media_Buzz_Score,Sentiment_Score,Exit_Score,Startup_Age,Startup_Maturity_Score,Investor_Confidence_Score,Operational_Strength_Score,Competitive_Strength_Score,Valuation_Score,Overall_Startup_Score,Success_Label,Unicorn_Label,Startup_Category,Exit_Label,IPO_Label,Acquisition_Label,Risk_Label,Growth_Label,Funding_Requirement_Label,Funding_Stage_Label,Stage_Score,Funding_Stage_Name,Portfolio_Fit_Score,Portfolio_Fit_Label,Portfolio_Fit_Name,Investment_Score,Investment_Recommendation_Label,Investment_Recommendation_Name,Funding_Readiness_Score,Funding_Readiness_Label,Funding_Readiness_Name,Revenue_Normalized,Profit_Normalized,Margin_Normalized,Burn_Risk_Score,Burn_Risk_Label,Burn_Risk_Name,Valuation_Normalized,Valuation_Growth_Prediction,Funding_Rounds_Normalized,Follow_On_Funding_Probability,Reviews_Normalized,Rating_Normalized,Market_Leadership_Probability,Competitive_Survival_Probability,Predicted_Acquisition,Acquisition_Probability,Burn_Risk_Prediction,Burn_Risk_Confidence,Predicted_Exit,Exit_Probability,Predicted_Funding_Readiness,Funding_Readiness_Confidence,Predicted_Funding_Readiness_Name,Predicted_Funding_Requirement,Funding_Requirement_Probability,Predicted_Funding_Requirement_Name,Predicted_Funding_Stage,Funding_Stage_Confidence,Predicted_Funding_Stage_Name,Predicted_Growth_Potential,Growth_Potential_Probability,Predicted_Growth_Potential_Name,Predicted_Investment_Recommendation,Investment_Recommendation_Confidence,Predicted_Investment_Recommendation_Name,Predicted_Portfolio_Fit,Portfolio_Fit_Confidence,Predicted_Portfolio_Fit_Name,Predicted_Risk,Risk_Probability,Predicted_Risk_Name,Predicted_Unicorn,Unicorn_Probability,Success_Probability
ST001,Razorpay,FinTech,2014,"Bengaluru, India",2,Late Stage (Series F),Private,742.0,375.0,Series F,Dec 2021 (Extensions in 2024),11,Seed → Series A → B → C → D → E → F,"Peak XV, Tiger Global, Lightspeed, Y Combinator, Matrix Partners, TCV","TCV, Lone Pine Capital",7500,2501.0,34.0,38,3400,32000000,74,10000000,4.2,115000,35000,18,Very Large,420,32,115,567,Private,0,0,0,Active,Private,0.0,16.33852291,27.4649626,37.44428922,26.79610951,35.59864941,26.98369699,68.30985915,30.0,12,22.29022897,28.47929782,32.09288747,36.76857167,20.33281575,38.09588812,1,1,Good,0,0,0,0,1,0,1,43.09042172,Pre-Series A,39.19339728,3,Excellent Fit,32.66661676,3,Strong Invest,31.08652085,3,Highly Ready,6.560720434,56.0018859,35.8974359,70.49763482,1,Moderate Risk,26.72028597,32.05,39.28571428,26.34,1.352941176,89.36170211,32.91,32.61,0,0.78,1,94.09,0,3.45,3,88.33,Highly Ready,0,1.8,Low Funding Required,1,98.36,Pre-Series A,1,93.89,High Growth Potential,3,88.67,Strong Invest,3,88.0,,0,0.0,Low Risk,1,71.33,0.993
ST002,CRED,FinTech,2018,"Bengaluru, India",1,Late Stage (Series F),Private,1020.0,140.0,Series F,June 2022 (Internal extensions to 2024),9,Seed → Series A → B → C → D → E → F,"Peak XV, Tiger Global, Falcon Edge, Dragoneer, Sofina, DST Global",GIC (Singapore),6400,2473.0,-1644.0,45,1100,4500000,58,50000000,4.6,1200000,12000,22,Large,280,85,190,555,Private,0,0,0,Active,Still Private,0.0,16.28183331,26.64972359,22.94197504,18.19668588,34.52146227,22.97246712,35.07194245,30.0,8,11.5977891,25.44492059,27.04108518,27.20157872,18.32910685,29.65755185,0,0,Average,0,0,0,0,0,0,1,36.37826714,Pre-Series A,30.33049239,2,Good Fit,25.67324288,2,Invest,25.38635208,2,Ready,6.486558072,40.17916077,44.87179487,73.93975509,1,Moderate Risk,22.78820375,23.83,32.14285714,22.72,14.11764706,97.8723404,24.57,25.49,0,0.28,1,92.99,0,3.67,2,90.67,Ready,0,3.37,Low Funding Required,1,99.69,Pre-Series A,0,2.75,Low Growth Potential,2,90.33,Invest,2,90.33,,0,0.0,Low Risk,0,4.33,0.005
ST003,Groww,FinTech,2016,"Bengaluru, India",4,Late Stage (Series E),Private,393.0,251.0,Series E,Oct-21,8,Seed → Series A → B → C → D → E,"Iconiq Growth, Tiger Global, Alkeon Capital, Ribbit Capital, Peak XV",Iconiq Growth,3000,2900.0,435.0,52,2100,41000000,88,100000000,4.5,1800000,25000,25,Very Large,510,45,210,765,Private,0,0,0,Active,Still Private,0.0,10.45834809,33.52200808,60.49138003,27.00288184,63.20323481,36.96645816,60.70496084,30.0,10,16.96539251,16.34206323,35.535747,51.07017028,10.83104115,42.966951,1,0,Good,0,0,0,0,1,0,1,36.64788044,Pre-Series A,40.65250094,3,Excellent Fit,38.24958774,3,Strong Invest,34.82675436,3,Highly Ready,7.617534101,59.78312117,53.84615385,64.91196563,0,Low Risk,10.63449508,41.32,28.57142857,26.55,21.17647059,95.74468083,44.08,42.58,0,1.25,0,2.24,0,7.81,3,80.33,Highly Ready,0,13.88,Low Funding Required,1,94.22,Pre-Series A,1,100.0,High Growth Potential,3,89.0,Strong Invest,3,71.0,,0,0.0,Low Risk,0,17.33,1.0
ST004,Pine Labs,FinTech,1998,"Noida, India",3,Public (NSE/BSE),Public,1600.0,470.0,Public (IPO),Nov-25,15,Private Rounds → Series A to H → Pre-IPO → IPO Listing,"Peak XV, Mastercard, Actis, Temasek, PayPal, Alpha Wave, Invesco",Public Markets,5500,1780.0,-328.0,58,3800,1800000,22,5000000,4.0,45000,40000,14,Very Large,215,12,88,315,IPO,2025,5500,0,Public,IPO,15.0,27.37452204,32.64621375,11.33816784,26.31772334,18.94163859,11.9883761,64.24050633,24.08333333,28,39.77875634,35.17165532,38.39520368,25.5320612,19.53502563,37.35313174,1,0,Good,1,1,0,0,0,0,2,62.17112668,Series A,44.86907424,3,Excellent Fit,29.88220025,2,Invest,30.94273592,3,Highly Ready,4.651039597,52.5884017,61.53846154,67.17044413,0,Low Risk,19.57104558,24.46,53.57142857,29.07,0.529411765,85.10638296,22.9,27.83,0,0.42,0,2.73,1,96.44,3,76.0,Highly Ready,0,1.92,Low Funding Required,2,94.71,Series A,0,0.0,Low Growth Potential,3,51.0,Strong Invest,3,84.67,,0,0.0,Low Risk,0,12.0,0.996
ST005,Open,FinTech,2017,"Bengaluru, India",4,Late Stage (Series D),Private,140.0,50.0,Series D,May-22,7,Seed → Series A → B → C → D,"IIFL Finance, Tiger Global, Temasek, 3one4 Capital, Vertex Ventures",IIFL Finance,1000,71.0,-180.0,25,450,320000,12,1000000,3.8,8500,4000,30,Medium,65,4,42,111,Private,0,0,0,Active,Still Private,0.0,6.500450673,19.41348879,1.823433913,20.16210375,16.48717463,0.253164557,54.46428571,30.0,9,8.323787717,10.37051989,19.87497755,12.27171689,3.813069048,16.89774341,0,0,Weak,0,0,0,1,0,1,0,16.41935802,Seed,10.66225531,0,Poor Fit,14.03110651,0,Reject,14.88197149,0,Not Ready,0.124486823,53.98396983,19.23076923,81.66664988,3,Critical Risk,3.485254692,12.33,25.0,10.69,0.1,80.85106381,12.99,14.8,0,0.98,3,0.26,0,1.11,0,98.67,Not Ready,1,95.05,High Funding Required,0,99.47,Seed,0,0.0,Low Growth Potential,0,99.0,Reject,0,97.0,,1,100.0,High Risk,0,0.0,0.0
ST006,Jupiter,FinTech,2019,"Mumbai, India",1,Late Stage (Series C),Private,165.0,86.0,Series C,Dec 2021 (Debt extensions in 2023),6,Seed → Series A → B → C,"Tiger Global, QED Investors, Matrix Partners, Peak XV, Nubank","Tiger Global, QED Investors",710,40.0,-330.0,30,550,1200000,31,10000000,4.4,220000,8000,28,Large,110,18,75,203,Private,0,0,0,Active,Still Private,0.0,6.184289444,20.79412072,7.508261544,20.67939481,21.76464537,4.9721716,45.09803922,30.0,7,6.425372432,9.05022464,21.45686361,15.94939992,3.174733141,18.35439074,0,0,Weak,0,0,0,1,0,1,0,16.536703,Seed,12.40462111,0,Poor Fit,15.82023368,0,Reject,16.32956562,0,Not Ready,0.042378493,52.56954267,25.64102564,80.24746475,3,Critical Risk,2.448614835,14.92,21.42857143,11.55,2.588235294,93.61702126,15.86,17.47,0,1.02,3,0.31,0,1.11,0,96.67,Not Ready,1,97.0,High Funding Required,0,99.51,Seed,0,0.0,Low Growth Potential,0,97.67,Reject,0,98.67,,1,100.0,High Risk,0,0.0,0.0
ST007,Fi Money,FinTech,2019,"Bengaluru, India",2,Late Stage (Series C),Private,135.0,45.0,Series C,Jul-22,5,Seed → Series A → B → C,"Alpha Wave Global, Temasek, Peak XV, Stellaris Venture Partners",Alpha Wave Global,520,103.0,-270.0,32,400,850000,25,10000000,4.3,180000,8000,28,Large,95,14,68,177,Private,0,0,0,Active,Still Private,0.0,5.002834177,21.67247273,6.021797462,20.67939481,21.07531255,3.580751613,45.50561798,30.0,7,6.076179668,7.348062217,22.02459943,14.83875457,2.527251151,17.73422372,0,0,Weak,0,0,0,1,0,1,0,15.54220541,Seed,11.71453515,0,Poor Fit,15.34501873,0,Reject,16.03728199,0,Not Ready,0.209243809,53.13531353,28.2051282,79.9825474,3,Critical Risk,1.769436997,14.34,17.85714286,10.78,2.117647059,91.48936168,15.01,17.25,0,1.29,3,0.39,0,1.11,0,97.0,Not Ready,1,97.15,High Funding Required,0,99.5,Seed,0,0.0,Low Growth Potential,0,99.0,Reject,0,98.67,,1,100.0,High Risk,0,0.0,0.0
ST008,MobiKwik,FinTech,2009,"Gurugram, India",2,Public (IPO),Public,275.0,530.0,Public (IPO),Dec 2024 / Listed to 2026,12,Seed → Private Rounds → Public IPO Listing,"Peak XV, Bajaj Finance, Tree Line Asia, Abu Dhabi Investment Authority",Public Markets,183,1119.0,-62.0,39,950,8500000,45,100000000,4.1,1900000,35000,18,Very Large,240,38,112,390,IPO,2024,183,0,Public,IPO,15.0,13.59520571,25.79576655,32.73614292,26.79610951,45.98009875,15.53957543,51.66240409,11.677,17,19.39114907,17.07714711,26.62666415,36.77013153,5.337519598,31.30958486,0,0,Average,1,1,0,0,1,1,1,32.16588172,Pre-Series A,29.30475948,2,Good Fit,27.43762754,2,Invest,25.91069476,2,Ready,2.900278109,55.09665252,37.17948718,72.66480699,1,Moderate Risk,0.564789991,28.89,42.85714286,21.08,22.35294118,87.23404253,32.38,30.4,0,14.66,1,95.33,1,93.67,2,79.33,Ready,1,93.52,High Funding Required,1,97.46,Pre-Series A,1,99.47,High Growth Potential,2,88.33,Invest,2,57.33,,0,0.0,Low Risk,0,1.33,0.006
ST009,Blinkit,Quick Commerce,2013,"Gurugram, India",3,Late Stage (Series G),Acquired,1000.0,,M&A (By Zomato),Aug 2022 (Fully Integrated),9,Seed → Series A to G → Acquisition,"SoftBank, Tiger Global, Zomato, Blink Digital",Zomato Ltd,1400,37779.0,430.0,22,4500,14000000,92,50000000,4.6,1500000,60000,45,Very Large,890,112,340,1342,Acquisition,2022,570,Zomato,Acquired,Strategic Acquisition,9.0,15.42857143,69.44719472,40.33027332,59.65417867,39.83303305,69.03807319,57.93000745,20.08,13,63.76353314,15.78463557,57.43240729,52.66004756,34.67803207,61.83136036,1,1,Excellent,1,0,1,0,1,1,2,73.54585586,Series A,74.13702959,3,Excellent Fit,51.48968763,3,Strong Invest,50.20330215,3,Highly Ready,100.0,59.7359736,15.38461538,48.67662202,0,Low Risk,4.91510277,50.27,32.14285714,34.26,17.64705882,97.8723404,46.68,56.66,1,85.86,0,1.99,1,96.22,3,89.0,Highly Ready,1,89.46,High Funding Required,2,63.35,Series A,1,99.99,High Growth Potential,3,97.0,Strong Invest,3,89.33,,0,0.0,Low Risk,1,78.33,1.0
ST010,Zepto,Quick Commerce,2021,"Mumbai, India",2,Late Stage (Series G),Private,1600.0,340.0,Series G,Aug 2024 (Follow-on debt in 2025),8,Seed → Series A → B → C → D → E → F → G,"General Catalyst, StepStone Group, Lightspeed, Nexus Venture, Glade Brook",General Catalyst,5000,22624.0,-5905.0,18,4200,11000000,95,50000000,4.6,1100000,60000,45,Very Large,940,145,380,1465,Private,0,0,0,Active,Still Private,0.0,21.74935029,36.07892432,38.58453007,59.65417867,37.43742865,75.08988819,54.22919509,30.0,5,38.31436014,26.04620041,31.53258396,53.2868638,33.48863661,51.16779184,1,1,Excellent,0,0,0,0,1,1,2,51.57460634,Series A,53.3818497,3,Excellent Fit,40.75024516,3,Strong Invest,37.40536452,3,Highly Ready,59.85962124,0.0,10.25641026,72.37976729,1,Moderate Risk,17.78373548,42.9,28.57142857,29.19,12.94117647,97.8723404,47.16,43.07,0,1.61,1,95.42,0,11.82,3,95.0,Highly Ready,1,83.89,High Funding Required,2,94.17,Series A,1,98.15,High Growth Potential,3,92.33,Strong Invest,3,97.67,,0,0.0,Low Risk,1,86.67,1.0
ST011,Swiggy Instamart,Quick Commerce,2020,"Bengaluru, India",3,Public (Parent IPO),Subsidiary,4600.0,1200.0,Public (IPO),Nov 2024 / Listed to 2026,16,Seed → Series A to K → Public Listing,"Prosus, SoftBank, Accel, Elevation Capital, Public Shareholders",Public Markets / Book Running Managers,11200,3859.0,-3063.0,25,1800,18000000,84,60000000,4.5,850000,60000,45,Very Large,680,85,210,975,Subsidiary,0,0,0,Active,Still Private / Subsidiary Unit,0.0,58.59938759,18.98979801,38.2536443,59.65417867,41.8173266,49.44146185,60.96311475,30.0,6,12.86326417,62.96391776,19.94131882,65.45303323,40.83207402,53.78737529,1,1,Excellent,0,0,0,0,1,1,2,74.32141905,Series A,66.03546315,3,Excellent Fit,42.2996697,3,Strong Invest,38.41069886,3,Highly Ready,10.15759502,26.79867987,19.23076923,70.8021143,1,Moderate Risk,39.9463807,44.32,57.14285714,44.85,10.0,95.74468083,54.48,40.08,0,4.6,1,88.93,0,3.67,3,95.33,Highly Ready,1,89.92,High Funding Required,2,93.87,Series A,1,98.6,High Growth Potential,3,92.67,Strong Invest,3,96.67,,0,0.0,Low Risk,1,94.33,1.0
ST012,BigBasket,Quick Commerce,2011,"Bengaluru, India",5,Late Stage (Series G),Acquired,1300.0,200.0,Corporate Infusion,Dec 2023 (Internal debt to 2025),12,Seed → Series A to E → Acquisition by Tata → Growth Rounds,"Tata Digital, Alibaba Group, Helion Ventures, Bessemer Venture Partners",Tata Digital,4500,9866.7,-2006.8,28,2600,12000000,52,50000000,4.3,720000,55000,28,Very Large,420,35,145,600,Acquisition,2021,2000,Tata Digital,Acquired,Strategic Acquisition,10.0,21.23323126,29.9555263,28.94546378,44.38256484,35.75152457,28.26774368,64.05990017,22.16666667,15,31.08512424,27.876077,29.20534602,42.47330645,22.30881989,41.08893447,1,0,Good,1,0,1,0,0,0,1,47.18735615,Pre-Series A,44.16387626,3,Excellent Fit,33.59263427,3,Strong Invest,31.79413568,3,Highly Ready,26.06992451,36.75813296,23.07692308,71.98347747,1,Moderate Risk,15.99642538,34.17,42.85714286,26.59,8.470588235,91.48936168,37.87,34.85,1,97.93,1,98.1,1,94.56,3,92.33,Highly Ready,0,4.06,Low Funding Required,1,93.11,Pre-Series A,0,8.03,Low Growth Potential,3,97.0,Strong Invest,3,90.67,,0,0.0,Low Risk,0,18.67,1.0
ST013,BB Now,Quick Commerce,2022,"Bengaluru, India",5,Growth Stage,Subsidiary,,,Internal Allocation,Continuous (Fully integrated),0,Fully integrated into BigBasket,Tata Digital (via Innovative Retail Concepts),Tata Digital,1400,2140.0,-65.0,24,450,4000000,18,10000000,4.2,40000,45000,35,Large,190,15,65,270,Subsidiary,0,0,0,Active,Still Private / Subsidiary Unit,0.0,0.0,19.31807466,6.716117831,44.58933718,21.84751819,9.604491947,64.57564576,30.0,4,2.891470821,0.0,19.81715045,23.95065872,0.0,20.19657191,0,0,Weak,0,0,0,1,0,1,0,6.397578771,Seed,12.76391528,0,Poor Fit,16.69663024,0,Reject,16.27895734,0,Not Ready,5.604555688,55.06836398,17.94871795,81.92652633,3,Critical Risk,4.91510277,19.38,0.0,6.85,0.470588235,89.36170211,23.98,21.44,0,1.52,3,0.41,0,0.97,0,93.33,Not Ready,1,98.58,High Funding Required,0,99.62,Seed,0,0.0,Low Growth Potential,0,92.67,Reject,0,92.67,,1,100.0,High Risk,0,0.0,0.0
ST014,Flipkart Minutes,Quick Commerce,2024,"Bengaluru, India",2,Early Stage,Subsidiary,,,Corporate Allocation,Ongoing (Pivoted explicitly in 2024/25),0,Fully integrated into Flipkart,"Walmart, Tencent, Tiger Global (via Parent Flipkart)",Walmart Inc.,1400,2140.0,-65.0,20,600,25000000,48,5000000,4.4,120000,60000,42,Very Large,310,22,95,427,Subsidiary,0,0,0,Active,Still Private / Subsidiary Unit,0.0,0.0,17.9544383,22.92738999,57.40417867,32.06781279,18.75141605,67.28971963,30.0,2,1.164510166,0.0,18.73077841,38.29483403,0.0,26.17512833,0,0,Average,0,0,0,1,0,1,0,4.982840472,Seed,18.52935256,1,Moderate Fit,22.33364345,1,Watchlist,20.03180446,1,Early Preparation,5.604555688,55.06836398,12.82051282,81.28162914,3,Critical Risk,4.91510277,28.63,0.0,8.9,1.411764706,93.61702126,36.19,28.9,0,2.53,3,1.58,0,1.12,1,73.33,Nearly Ready,1,98.23,High Funding Required,0,99.44,Seed,0,0.01,Low Growth Potential,1,78.33,Watchlist,1,71.33,,1,99.99,High Risk,0,1.33,0.0
ST015,Meesho,E-commerce,2015,"Bengaluru, India",2,Late Stage (Series F),Private,1200.0,275.0,Series H,May 2024 (Follow-on blocks to 2025),12,Seed → Series A to H,"SoftBank, Prosus Ventures, Elevation Capital, Peak XV, Meta, Fidelity",Venture Highway / WestBridge Capital,4200,7615.0,125.0,55,1350,45000000,89,150000000,4.4,2400000,85000,24,Very Large,540,62,180,782,Private,0,0,0,Active,Still Private,0.0,20.69390727,40.20034475,71.53604117,56.51224784,76.12870484,38.38743043,61.04725415,30.0,11,20.94953007,27.12045327,38.33166632,74.30387192,19.82152259,57.30269981,1,1,Excellent,0,0,0,0,1,1,2,52.62059856,Series A,64.51354869,3,Excellent Fit,50.22541154,3,Strong Invest,45.25241105,3,Highly Ready,20.10594623,56.85997171,57.69230769,58.42210654,0,Low Risk,14.92403932,56.58,42.85714286,35.59,28.23529412,93.61702126,63.97,56.39,0,1.11,0,1.11,0,11.32,3,97.67,Highly Ready,1,79.24,High Funding Required,1,61.0,Pre-Series A,1,100.0,High Growth Potential,3,97.67,Strong Invest,3,97.67,,0,0.0,Low Risk,1,85.67,1.0
ST016,Myntra,E-commerce,2007,"Bengaluru, India",3,Late Stage (Series E),Acquired,,,Subsidiary Allocation,Continuous,0,Acquired by Flipkart → Maintained independent brand ops,"Walmart, Flipkart Group",Walmart Inc.,5000,4235.0,-310.0,44,2400,48000000,78,100000000,4.3,1800000,40000,18,Very Large,380,24,115,519,Acquisition,2014,330,Flipkart,Acquired,Strategic Acquisition,7.0,0.0,31.15659231,63.31979144,29.31772334,65.74583614,24.10333448,68.46153846,22.02,19,28.85352631,7.142857143,33.01811804,50.62979007,12.29155086,40.97825303,1,0,Good,1,0,1,0,1,1,1,26.24122889,Pre-Series A,33.25407486,2,Good Fit,36.44485272,3,Strong Invest,32.34890947,3,Highly Ready,11.1534896,52.75813296,43.58974359,69.282094,0,Low Risk,17.78373548,41.05,0.0,20.82,21.17647059,91.48936168,44.69,42.01,1,98.17,0,3.5,1,96.99,3,85.33,Highly Ready,1,98.24,High Funding Required,1,98.36,Pre-Series A,1,100.0,High Growth Potential,3,92.0,Strong Invest,2,71.33,,0,0.0,Low Risk,0,11.0,1.0
ST017,Nykaa,E-commerce,2012,"Mumbai, India",1,Public (IPO),Public,130.0,,Public (IPO),Nov 2021 (Public reporting up to FY26),9,Seed → Growth Rounds → IPO Listing,"FSN E-Commerce Ventures, TPG Growth, Steadview Capital, Fidelity",Public Markets,4800,7450.0,58.0,43,2100,16000000,64,50000000,4.5,950000,18000,22,Large,410,55,160,625,IPO,2021,7100,0,Public,IPO Listing,9.0,7.598571429,35.76470488,32.30616472,21.22262248,39.0830021,28.98734177,56.70926518,35.31666667,14,26.068598,17.89357588,35.36969819,30.65087642,16.79134444,36.13820303,1,0,Good,1,1,0,0,1,1,1,38.08169285,Pre-Series A,35.34214402,2,Good Fit,30.99199313,3,Strong Invest,30.17583829,3,Highly Ready,19.66891802,56.22819425,42.30769231,68.1198827,0,Low Risk,17.06881144,29.24,32.14285714,22.29,11.17647059,95.74468083,28.14,32.18,0,1.28,0,2.34,1,88.48,2,49.67,Ready,1,81.96,High Funding Required,1,97.13,Pre-Series A,1,99.8,High Growth Potential,3,82.0,Strong Invest,2,78.33,,0,0.0,Low Risk,0,2.33,0.971
ST018,FirstCry,E-commerce,2010,"Pune, India",3,Public (IPO),Public,970.0,4193.0,Public (IPO),Aug-24,14,Seed → Series A to G → Pre-IPO → Public Listing,"SoftBank Vision Fund, PremjiInvest, Mahindra Partners, TPG, Public Markets",Public Markets,3200,7240.0,-295.0,36,2900,15000000,55,20000000,4.4,410000,12000,15,Large,220,28,90,338,IPO,2024,2900,0,Public,IPO Listing,14.0,38.89419346,32.43468534,25.70244299,12.94668588,30.90207265,13.00990001,56.63716814,19.26666667,16,30.207224,38.1573173,33.6295946,31.96949181,23.25645584,38.56892082,1,0,Good,1,1,0,0,0,0,2,66.25452498,Series A,43.90287374,3,Excellent Fit,31.65088151,3,Strong Invest,31.47298083,3,Highly Ready,19.1127003,52.89957567,33.33333333,65.05949196,0,Low Risk,11.34941912,27.08,50.0,34.91,4.823529412,93.61702126,25.47,29.58,0,11.52,1,62.02,1,96.5,3,86.0,Highly Ready,0,2.38,Low Funding Required,2,95.21,Series A,0,0.4,Low Growth Potential,3,64.33,Strong Invest,3,89.67,,0,0.0,Low Risk,0,10.67,0.999
ST019,Lenskart,E-commerce,2010,"Gurugram, India",3,Public (NSE/BSE),Private,1800.0,7278.0,Public (IPO),Nov-25,16,Private Stages → Series A to J → Mega IPO Listing,"Peak XV Partners, Temasek, Alpha Wave Global, KKR, Public Shareholders",Public Markets,7200,6430.0,-65.0,60,4200,8000000,62,15000000,4.5,380000,11000,16,Large,460,18,130,608,IPO,2025,7700,0,Public,Initial Public Offering (IPO),15.0,62.62857143,40.10082073,24.32589974,13.19236311,26.86335117,29.59168596,72.57799672,29.21666667,16,32.95404091,59.69297573,44.12749713,37.70305138,36.95249914,51.34874066,1,0,Excellent,1,1,0,0,0,0,3,100.0,Series B+,66.68728476,3,Excellent Fit,40.40846164,3,Strong Invest,40.89229509,3,Highly Ready,16.9672891,55.06836398,64.1025641,54.43783475,0,Low Risk,25.64789991,31.79,57.14285714,49.79,4.470588235,95.74468083,28.25,35.13,0,1.07,0,1.61,1,89.5,3,85.67,Highly Ready,0,1.58,Low Funding Required,2,90.61,Series A,0,1.29,Low Growth Potential,3,92.67,Strong Invest,3,88.33,,0,0.0,Low Risk,0,16.67,1.0
ST020,Pepperfry,E-commerce,2011,"Mumbai, India",2,Late Stage (Pre-IPO),Private,285.0,23.0,Late Stage / Bridge,Sept 2023 (Internal adjustments in 2025),11,Seed → Series A to F → Debt/Bridge Rounds,"Norwest Venture Partners, Broadview Ventures, Goldman Sachs, Pidilite",Pidilite Industries,310,207.0,-122.0,48,700,3500000,24,5000000,4.1,85000,4500,12,Medium,95,34,70,199,Private,0,0,0,Active,Still Private,0.0,10.53275017,27.54377442,6.906655566,6.91426513,20.28546397,4.436782741,30.5,30.0,15,15.5895153,14.68718151,28.39537272,10.80572552,3.91153922,19.96874817,0,0,Weak,0,0,0,0,0,0,1,29.82733815,Pre-Series A,17.65508894,1,Moderate Fit,17.61631405,0,Reject,19.22675412,1,Early Preparation,0.484704013,54.53088166,48.71794872,74.41998593,2,High Risk,1.018766756,13.47,39.28571428,16.22,1.0,87.23404253,10.67,17.53,0,0.37,2,4.06,0,1.22,1,78.0,Nearly Ready,0,0.62,Low Funding Required,1,98.29,Pre-Series A,0,0.0,Low Growth Potential,0,66.0,Reject,1,91.0,,1,90.91,High Risk,0,0.0,0.0
ST021,Physics Wallah,EdTech,2016,"Noida, India",2,Growth Stage (Series B),Private,310.0,210.0,Series B,Sept 2024 (Follow-on debt 2025),3,Series A → Series B,"Hornbill Capital, Lightspeed India, GSV Ventures, WestBridge",Hornbill Capital,2800,2450.0,42.0,50,3200,22000000,86,20000000,4.7,650000,14000,20,Large,620,48,175,843,Private,0,0,0,Active,Still Private,0.0,5.942749971,31.5034611,35.44096676,17.70533141,36.13703943,42.78628774,67.77251185,30.0,10,19.53884492,9.746609453,35.78869932,29.11439991,8.747401447,33.17674662,0,0,Average,0,0,0,0,1,1,1,30.85672603,Pre-Series A,27.30481749,2,Good Fit,28.49446672,2,Invest,27.38727985,2,Ready,6.425638988,56.07732202,51.28205128,69.8445127,1,Moderate Risk,9.919571046,27.61,10.71428571,19.42,7.647058824,99.99999998,26.07,30.85,0,1.59,1,94.11,0,3.39,2,90.33,Ready,1,96.28,High Funding Required,1,98.33,Pre-Series A,1,99.25,High Growth Potential,2,89.33,Invest,2,88.0,,0,0.0,Low Risk,0,4.0,0.014
ST022,Unacademy,EdTech,2015,"Bengaluru, India",3,Late Stage (Series H),Private,440.0,50.0,Secondary/Debt,Late 2023 (Internal restructuring),12,Seed → Series A to H,"SoftBank, General Atlantic, Tiger Global, Facebook, Blume Ventures",Temasek,1900,980.0,-190.0,60,1400,9000000,42,15000000,4.2,480000,14000,15,Large,210,95,140,445,Private,0,0,0,Active,Still Private,0.0,12.77187924,32.52949725,16.34512334,13.95533141,26.30685885,16.92015958,25.78475336,30.0,11,14.0630954,19.03072957,34.26577369,19.67574187,8.0435749,26.69513922,0,0,Average,0,0,0,0,0,0,1,37.68400542,Pre-Series A,29.20266967,2,Good Fit,24.12542887,2,Invest,25.30849053,2,Ready,2.532114952,53.88967468,64.1025641,69.59205485,1,Moderate Risk,6.702412869,20.77,42.85714286,20.97,5.647058824,89.36170211,18.22,24.74,0,0.47,1,98.04,0,3.89,2,90.33,Ready,0,0.14,Low Funding Required,1,99.58,Pre-Series A,0,0.0,Low Growth Potential,2,88.67,Invest,2,92.67,,0,0.0,Low Risk,0,0.0,0.0
ST023,upGrad,EdTech,2015,"Mumbai, India",3,Late Stage (Private Equity),Private,365.0,60.0,Corporate/Debt,Out-performance Round 2024/25,8,Growth Rounds → Debt Tranches,"Temasek, ETS Strategic Capital, Kaizenvest, IIFL",Temasek,2200,1530.0,-380.0,55,1850,3100000,28,2000000,4.0,35000,3800,22,Medium,240,42,110,392,Private,0,0,0,Active,Still Private,0.0,9.287826522,31.19454788,8.880261686,14.06123919,18.94836128,15.61739644,50.38167939,30.0,11,15.89311897,14.48938827,33.47145024,13.88824419,7.959654829,24.37832793,0,0,Average,0,0,0,0,0,0,1,32.95398766,Pre-Series A,23.76288991,1,Moderate Fit,21.03622108,1,Watchlist,22.56680064,1,Early Preparation,3.988875646,52.09806695,57.69230769,72.23964328,1,Moderate Risk,7.774798928,16.92,28.57142857,17.33,0.411764706,85.10638296,13.76,21.4,0,0.82,1,96.64,0,1.67,1,89.67,Nearly Ready,0,0.47,Low Funding Required,1,99.23,Pre-Series A,0,0.0,Low Growth Potential,1,83.0,Watchlist,1,88.67,,0,0.0,Low Risk,0,0.0,0.0
ST024,Vedantu,EdTech,2011,"Bengaluru, India",4,Late Stage (Series E),Private,330.0,19.0,Debt/Bridge,2023/2024 internal extension,10,Seed → Series A to E,"Tiger Global, Coatue Management, GGV Capital, WestBridge",ABC World Asia,450,160.0,-110.0,45,850,4500000,30,10000000,4.1,140000,8500,10,Medium,115,38,85,238,Private,0,0,0,Active,Still Private,0.0,10.2042284,26.48147411,9.760766706,7.431556196,21.89968505,6.460621583,32.21757322,30.0,15,15.95564869,13.9736764,27.63521829,12.44507825,4.024607198,20.4798796,0,0,Weak,0,0,0,1,0,0,1,28.61931915,Pre-Series A,16.98522741,1,Moderate Fit,17.97114697,1,Watchlist,19.19740605,1,Early Preparation,0.36021719,54.64403583,44.87179487,74.93706792,2,High Risk,1.519213584,14.36,35.71428571,16.08,1.647058824,87.23404253,11.98,18.09,0,0.58,2,10.04,0,1.17,1,87.33,Nearly Ready,0,5.17,Low Funding Required,1,98.07,Pre-Series A,0,0.0,Low Growth Potential,1,83.0,Watchlist,1,94.0,,1,94.64,High Risk,0,0.0,0.0
ST025,Classplus,EdTech,2018,"Noida, India",2,Late Stage (Series E),Private,160.0,70.0,Series D,Mar-22,7,Seed → Series A to D,"Alpha Wave Global, Tiger Global, Blume Ventures, RTP Global",Alpha Wave Global,620,149.0,-255.0,65,650,1200000,14,5000000,4.3,68000,2500,32,Medium,130,8,52,190,Private,0,0,0,Active,Still Private,0.0,6.776630943,33.01164166,3.827935888,20.9056196,19.98146639,4.972664138,63.87434555,30.0,8,7.889473359,9.995141661,33.80152341,14.34266121,3.280176246,22.98382715,0,0,Average,0,0,0,0,0,0,1,28.38055703,Pre-Series A,23.61171067,1,Moderate Fit,20.08385785,1,Watchlist,21.97537849,1,Early Preparation,0.331081976,53.27675625,70.51282051,71.59240787,1,Moderate Risk,2.126899017,16.77,25.0,15.09,0.8,91.48936168,14.62,21.98,0,0.51,1,82.44,0,1.73,1,94.67,Nearly Ready,0,5.06,Low Funding Required,1,97.46,Pre-Series A,0,0.0,Low Growth Potential,1,88.33,Watchlist,1,92.67,,0,0.0,Low Risk,0,0.0,0.0
ST026,CollegeDekho,EdTech,2015,"Gurugram, India",3,Growth Stage (Series B),Private,55.0,9.0,Series B Extension,Dec-22,5,Seed → Series A → Series B,"Winter Capital, ETS Strategic Capital, Calega, Lightspeed",Winter Capital,140,141.0,-47.0,40,750,5200000,21,500000,4.2,12000,1200,18,Medium,85,5,40,130,Private,0,0,0,Active,Still Private,0.0,4.109709693,24.87059429,6.554997491,9.75,20.46340701,1.498793282,61.06870229,30.0,11,11.37255308,6.263604058,25.84955409,9.972749232,1.608054709,17.87996613,0,0,Weak,0,0,0,1,0,1,0,18.77091047,Seed,10.54405865,0,Poor Fit,15.25460591,0,Reject,16.38652644,0,Not Ready,0.309892729,55.23809524,38.46153846,77.60604492,2,High Risk,0.411081323,12.31,17.85714286,11.34,0.141176471,89.36170211,10.43,16.34,0,0.44,2,0.43,0,0.99,0,93.33,Not Ready,1,86.72,High Funding Required,0,98.86,Seed,0,0.0,Low Growth Potential,0,98.33,Reject,0,92.67,,1,98.96,High Risk,0,0.0,0.0
ST027,Delhivery,Supply Chain & Logistics,2011,"Gurugram, India",5,Public (IPO),Public,1400.0,,Public (IPO),May-22,13,Private Rounds → IPO Listing,"SoftBank, Carlyle Group, Tiger Global, CPPIB, Public Markets",Public Markets,3600,8650.0,85.0,26,4800,6500000,36,1000000,3.9,45000,32000,14,Very Large,340,41,125,506,IPO,2022,4400,0,Public,IPO Listing,11.0,21.88571429,31.60835362,17.40451828,22.28314121,19.99471042,22.58483968,58.97435897,26.51666667,15,35.89671048,27.70032168,35.56883123,24.77315537,19.93334197,35.29730821,0,0,Average,1,1,0,0,0,0,2,52.59601723,Series A,37.68278303,2,Good Fit,28.56714693,2,Invest,28.92464167,2,Ready,22.84730499,56.48279114,20.51282051,69.81302645,1,Moderate Risk,12.7792672,24.26,46.42857143,25.98,0.529411765,82.97872339,22.13,27.29,0,0.45,1,94.22,1,97.59,2,87.0,Ready,0,0.7,Low Funding Required,2,89.31,Series A,0,0.0,Low Growth Potential,2,91.67,Invest,2,82.67,,0,0.0,Low Risk,0,12.0,0.941
ST028,Shiprocket,Supply Chain & Logistics,2017,"Gurugram, India",3,Late Stage (Series E),Private,350.0,11.0,Extended Series E,Oct 2022 (Internal debt 2024),11,Seed → Series A to E,"Zomato, Lightrock India, Temasek, Moore Strategic, Tribe Capital",McKinsey & Company,1200,1520.0,-65.0,32,950,4800000,33,5000000,4.2,92000,15000,25,Large,210,14,80,304,Private,0,0,0,Active,Still Private,0.0,11.06004201,23.93446333,9.620910825,21.95965418,21.35771858,11.43377826,64.26229508,30.0,9,11.244295,16.27836595,24.55307368,18.686296,6.703345606,23.63456624,0,0,Average,0,0,0,0,0,0,1,26.64375981,Pre-Series A,20.64956716,1,Moderate Fit,19.71274407,1,Watchlist,20.15246242,1,Early Preparation,3.962389088,55.06836398,28.2051282,76.94090151,2,High Risk,4.200178731,17.72,39.28571428,16.07,1.082352941,89.36170211,18.02,20.14,0,0.39,2,0.45,0,1.26,1,90.33,Nearly Ready,0,3.06,Low Funding Required,1,97.88,Pre-Series A,0,0.0,Low Growth Potential,1,96.0,Watchlist,1,91.0,,0,0.04,Low Risk,0,0.0,0.0
ST029,Xpressbees,Supply Chain & Logistics,2015,"Pune, India",2,Late Stage (Private Equity),Private,580.0,80.0,Late Stage / PE,Nov-23,9,Series A to F → Secondary sales,"Ontario Teachers' Pension, Blackstone, TPG Growth, ChrysCapital",Teachers' Venture Growth,1400,4200.0,-140.0,22,2200,2100000,19,500000,3.8,18000,22000,16,Very Large,185,19,75,279,Private,0,0,0,Active,Still Private,0.0,12.03329251,23.93087377,7.144746986,18.73991354,17.27248814,9.828104221,59.28571429,30.0,11,19.69051147,15.72569917,25.44124254,15.60772281,9.483750085,23.42610314,0,0,Average,0,0,0,0,0,0,1,29.36399286,Pre-Series A,19.09973073,1,Moderate Fit,18.84862042,1,Watchlist,19.5044205,1,Early Preparation,11.06078665,54.3611504,15.38461538,77.62882978,2,High Risk,4.91510277,15.86,32.14285714,15.94,0.211764706,80.85106381,15.12,18.7,0,0.27,2,0.81,0,1.69,1,87.0,Nearly Ready,0,12.28,Low Funding Required,1,92.89,Pre-Series A,0,0.0,Low Growth Potential,1,87.0,Watchlist,1,85.67,,0,0.17,Low Risk,0,0.0,0.0
ST030,Shadowfax,Supply Chain & Logistics,2015,"Bengaluru, India",3,Late Stage (Series E),Private,180.0,50.0,Series E,Feb-24,8,Seed → Series A to E,"Mirae Asset, Flipkart, Qualcomm Ventures, Eight Roads",Mirae Asset Apptech,350,1910.0,-65.0,15,1600,1400000,24,5000000,4.1,78000,18000,22,Large,180,22,65,267,Private,0,0,0,Active,Still Private,0.0,7.574736388,18.77775224,7.382458712,21.22262248,19.25089384,9.234595873,58.95522388,30.0,11,15.60229808,10.80769346,20.39137743,15.90961899,4.438419509,20.12279486,0,0,Weak,0,0,0,1,0,1,0,18.9733196,Seed,12.12066744,0,Poor Fit,16.04529491,0,Reject,16.17616278,0,Not Ready,4.995364852,55.06836398,6.41025641,81.69309558,3,Critical Risk,1.161751564,14.7,28.57142857,11.88,0.917647059,87.23404253,15.79,16.78,0,0.93,3,0.17,0,1.03,0,98.0,Not Ready,1,98.74,High Funding Required,0,99.48,Seed,0,0.0,Low Growth Potential,0,93.0,Reject,0,90.33,,1,99.83,High Risk,0,0.0,0.0
ST031,Zomato,Quick Commerce / Food Delivery,2008,"Gurugram, India",2,Public (NSE/BSE),Public,2100.0,,Public (IPO),Jul-21,15,Seed → Series A to J → IPO,"Info Edge, Ant Group, Tiger Global, Temasek, Public Markets",Public Markets,28000,18400.0,1420.0,35,5200,58000000,94,100000000,4.6,4500000,65000,35,Very Large,1240,115,420,1775,IPO,2021,12200,0,Public,IPO Listing,13.0,29.61428571,50.09821006,76.84812999,54.67579251,78.22346615,94.74708171,63.34459459,42.21666667,18,50.54324892,68.67273106,49.63646149,78.8225677,73.59051466,79.46823823,1,1,Excellent,1,1,0,0,1,1,3,92.42831636,Series B+,100.0,3,Excellent Fit,65.98846263,3,Strong Invest,61.1280136,3,Highly Ready,48.67169911,69.07119283,32.05128205,50.44806672,0,Low Risk,100.0,65.18,53.57142857,52.56,52.94117647,97.8723404,70.08,63.09,0,1.26,0,0.86,1,81.21,3,99.0,Highly Ready,1,80.64,High Funding Required,3,89.4,Series B+,1,100.0,High Growth Potential,3,98.67,Strong Invest,3,98.67,,0,0.0,Low Risk,1,98.0,1.0
ST032,Swiggy,Quick Commerce / Food Delivery,2014,"Bengaluru, India",3,Public (NSE/BSE),Public,3600.0,1200.0,Public (IPO),Nov-24,16,Seed → Series A to K → IPO,"Prosus, SoftBank, Accel, Elevation Capital, Public Markets",Public Markets,11200,14250.0,-25.0,33,4800,44000000,88,100000000,4.4,3800000,65000,32,Very Large,1080,95,380,1555,IPO,2024,11300,0,Public,IPO Listing,10.0,49.59938759,41.19879286,67.17897046,52.42579251,68.93801318,82.13613752,63.3033419,43.86666667,12,38.61164471,57.50621368,42.1946605,77.80237381,46.3546315,72.05492924,1,1,Excellent,1,1,0,0,1,1,3,91.06272139,Series B+,85.07726779,3,Excellent Fit,57.77726233,3,Strong Invest,52.7647908,3,Highly Ready,37.67977751,55.44554455,29.48717949,53.85932717,0,Low Risk,39.9463807,58.41,57.14285714,51.79,44.70588235,93.61702126,64.71,57.4,0,1.26,0,0.88,1,81.67,3,99.33,Highly Ready,1,81.08,High Funding Required,3,88.45,Series B+,1,100.0,High Growth Potential,3,99.67,Strong Invest,3,97.67,,0,0.0,Low Risk,1,98.0,1.0
ST033,Swish,Food Delivery,2024,"Bengaluru, India",3,Growth Stage (Series B),Private,5.0,5.0,Seed Round,Late 2024 / Early 2025,1,Seed Round,"Accel India, Travis Kalanick’s 1010 Fund, Angel Investors",Accel India,25,2140.0,-65.0,18,250,650000,15,1000000,4.3,14000,15000,40,Large,95,12,40,147,Private,0,0,0,Active,Still Private,0.0,0.783330782,17.27262012,2.146017707,33.20965418,18.78776245,2.413436438,56.08108108,30.0,2,0.194085028,1.225020845,17.40201014,16.7975881,0.28215328,15.57252284,0,0,Weak,0,0,0,1,0,1,0,4.870539808,Seed,7.072904379,0,Poor Fit,13.02177783,0,Reject,13.24368158,0,Not Ready,5.604555688,55.06836398,10.25641026,83.73049434,3,Critical Risk,0.0,14.25,3.571428571,6.06,0.164705882,91.48936168,17.53,16.48,0,1.56,3,0.19,0,1.41,0,94.0,Not Ready,1,97.98,High Funding Required,0,99.41,Seed,0,0.0,Low Growth Potential,0,93.0,Reject,0,92.67,,1,100.0,High Risk,0,0.0,0.0
ST034,Magicpin,E-commerce / Hyperlocal,2015,"Gurugram, India",2,Late Stage (Series D),Private,105.0,60.0,Series D,Nov 2021 (Extensions into 2024),8,Seed → Series A to D,"Lightspeed India, Zomato, WaterBridge Ventures",Zomato Ltd,380,1050.0,-22.0,28,850,7200000,41,10000000,4.2,240000,38000,28,Very Large,260,18,92,370,Private,0,0,0,Active,Still Private,0.0,6.947826522,22.02988209,13.14184861,35.80907781,23.86949621,15.26769443,65.22911051,30.0,11,12.61225686,10.47038521,22.71246504,25.33291121,3.618989159,25.09669166,0,0,Average,0,0,0,0,0,1,0,20.09308523,Seed,20.23900422,1,Moderate Fit,20.73123112,1,Watchlist,20.20589481,1,Early Preparation,2.717520858,55.4738331,23.07692308,78.6511426,3,Critical Risk,1.26899017,21.49,28.57142857,13.35,2.823529412,89.36170211,24.33,23.2,0,0.25,3,0.77,0,1.01,1,89.67,Nearly Ready,1,98.39,High Funding Required,0,97.55,Seed,0,0.0,Low Growth Potential,1,92.0,Watchlist,1,80.67,,0,16.68,Low Risk,0,0.0,0.0
ST035,Rebel Foods,FoodTech / Cloud Kitchen,2011,"Mumbai, India",2,Late Stage (Series F),Private,530.0,66.0,Series F,Nov 2021 (Debt pools in 2024),13,Seed → Series A to F,"Coatue Management, Sequoia Capital, Goldman Sachs, Qatar Holding",Qatar Investment Authority,1400,1420.0,-378.0,52,2400,2500000,18,10000000,4.1,110000,22000,16,Very Large,195,14,75,284,Private,0,0,0,Active,Still Private,0.0,14.37310917,30.03000889,9.472137771,18.73991354,20.85947819,10.27582131,63.50877193,30.0,15,21.58732022,20.00173391,33.38178052,18.13720718,7.985620391,27.83964763,0,0,Average,0,0,0,0,0,0,1,39.49609712,Pre-Series A,28.67586294,2,Good Fit,23.07277073,1,Watchlist,24.26298189,2,Ready,3.697523507,52.11692598,53.84615385,71.92816606,1,Moderate Risk,4.91510277,18.99,46.42857143,20.08,1.294117647,87.23404253,17.18,22.92,0,0.39,1,92.5,0,4.34,2,81.0,Ready,0,0.61,Low Funding Required,1,99.75,Pre-Series A,0,0.0,Low Growth Potential,1,67.67,Watchlist,2,85.67,,0,0.0,Low Risk,0,0.0,0.0
ST036,FreshMenu,FoodTech / Cloud Kitchen,2014,"Bengaluru, India",1,Late Stage (Series C),Private,25.0,1.0,Bridge Round,2022/2023 internal buffer,6,Seed → Series A → Growth → Bridge,"GrowthStory, Lightspeed India, Zodius Capital",Lightspeed India,35,102.0,-4.0,42,350,420000,8,5000000,3.7,65000,12000,10,Large,65,22,45,132,Private,0,0,0,Active,Still Private,0.0,4.515523299,25.58189032,1.820994812,9.196685879,17.04306482,1.07028518,32.33082707,30.0,12,11.29363157,7.073979836,25.84212497,7.150767835,1.512630155,15.67122522,0,0,Weak,0,0,0,1,0,1,0,19.60114019,Seed,10.42538247,0,Poor Fit,13.96336139,0,Reject,15.73863387,0,Not Ready,0.206595153,55.64356436,41.02564103,77.47836424,2,High Risk,0.035746202,10.57,21.42857143,11.1,0.764705882,78.72340424,8.17,14.9,0,0.45,2,0.44,0,1.11,0,90.33,Not Ready,1,88.14,High Funding Required,0,98.68,Seed,0,0.0,Low Growth Potential,0,97.0,Reject,0,86.67,,1,100.0,High Risk,0,0.0,0.0
ST037,EatSure,FoodTech / Cloud Kitchen,2020,"Mumbai, India",2,Late Stage (Series D / Subsidiary),Subsidiary,,,Vertical Allocation,Continuous,0,Fully integrated into Rebel Foods,Rebel Foods Parent Group,Rebel Foods Ltd,1400,2140.0,-65.0,50,500,1100000,19,5000000,4.2,88000,22000,16,Very Large,110,8,50,168,Subsidiary,0,0,0,Active,Brand of Rebel Foods,0.0,0.0,28.18171103,4.336807106,18.73991354,19.55451237,3.610303896,60.35502959,30.0,6,5.172960127,0.0,28.77320826,11.45536242,0.0,17.80873619,0,0,Weak,0,0,0,1,0,0,0,14.67603677,Seed,11.85723229,0,Poor Fit,15.70719985,0,Reject,17.10545545,0,Not Ready,5.604555688,55.06836398,51.28205128,75.72423027,2,High Risk,4.91510277,13.84,0.0,9.16,1.035294118,89.36170211,12.29,18.76,0,0.91,2,0.93,0,1.01,0,90.33,Not Ready,0,3.24,Low Funding Required,0,98.76,Seed,0,0.0,Low Growth Potential,0,96.0,Reject,0,88.0,,1,99.86,High Risk,0,0.0,0.0
ST038,boAt,Consumer Electronics,2016,"Delhi, India",2,Late Stage (Pre-IPO / PE),Private,177.0,60.0,Pre-IPO / PE,Oct-22,7,Seed → Series B → PE Round,"Warburg Pincus, Malabar India Fund, Fireside Ventures",Warburg Pincus,1100,3120.0,45.0,24,1100,8400000,72,10000000,4.0,150000,14000,15,Large,480,55,165,700,Private,0,0,0,Active,Still Private (IPO Draft Filed/Paused),0.0,6.881540808,23.53221846,19.50740795,13.95533141,23.38843885,33.67778161,60.62767475,30.0,10,14.4256829,10.7444745,23.58106172,18.36793635,6.528375582,23.80626549,0,0,Average,0,0,0,1,0,1,0,21.52949666,Seed,15.0277374,0,Poor Fit,19.92480215,1,Watchlist,19.45043274,1,Early Preparation,8.200238379,56.10561056,17.94871795,77.4034952,2,High Risk,3.842716711,18.36,25.0,14.74,1.764705882,85.10638296,17.26,20.43,0,0.3,2,0.17,0,1.34,1,79.0,Nearly Ready,1,97.88,High Funding Required,0,97.27,Seed,0,0.0,Low Growth Potential,1,85.0,Watchlist,0,74.33,,0,7.53,Low Risk,0,0.0,0.0
ST039,Noise,Consumer Electronics,2014,"Gurugram, India",2,Growth Stage (Series A),Private,10.0,,Series A,Jan-24,2,Bootstrapped → Strategic Series A,"Bose Corporation, Nexxbase Corporate",Bose Corporation,280,1270.0,-20.0,20,650,4100000,54,10000000,4.1,120000,14000,14,Large,390,32,140,562,Private,0,0,0,Active,Still Private,0.0,1.518571429,19.59754822,13.20978041,13.20533141,21.6587025,26.02965079,63.58792185,30.0,12,13.36209042,2.749450705,19.79397858,13.54016618,1.968936422,18.55407399,0,0,Weak,0,0,0,1,0,1,0,10.95173745,Seed,5.123453423,0,Poor Fit,14.91233283,0,Reject,14.56548051,0,Not Ready,3.300225136,55.49269213,12.82051282,81.57036666,3,Critical Risk,0.91152815,13.82,7.142857143,9.02,1.411764706,87.23404253,13.51,16.22,0,1.25,3,0.3,0,1.11,0,91.67,Not Ready,1,97.57,High Funding Required,0,99.61,Seed,0,0.0,Low Growth Potential,0,86.0,Reject,0,82.67,,1,100.0,High Risk,0,0.67,0.0
ST040,Boult,Consumer Electronics,2017,"Gurugram, India",2,Growth Stage (Bootstrapped),Private,5.0,,Working capital facilities,2024/2025,1,Primarily Bootstrapped / Debt Lines,Strides Ventures (Debt Provider),Self-funded founders,140,680.0,12.0,22,400,2800000,32,5000000,3.9,45000,14000,16,Large,220,15,85,320,Private,0,0,0,Active,Still Private,0.0,0.759285714,19.5588582,7.30451392,14.70533141,19.00091598,12.30951091,63.86292835,30.0,9,8.829958222,1.374725353,19.60552419,10.978994,1.020202349,15.90504141,0,0,Weak,0,0,0,1,0,1,0,8.751986393,Seed,3.731778238,0,Poor Fit,12.98622914,0,Reject,13.24247883,0,Not Ready,1.73751821,55.79443659,15.38461538,82.18837895,3,Critical Risk,0.411081323,11.81,3.571428571,7.54,0.529411765,82.97872339,11.6,14.67,0,1.34,3,0.25,0,0.99,0,93.67,Not Ready,1,96.97,High Funding Required,0,99.62,Seed,0,0.0,Low Growth Potential,0,96.67,Reject,0,98.33,,1,100.0,High Risk,0,0.0,0.0
ST041,Fire-Boltt,Consumer Electronics,2015,"Noida, India",2,Growth Stage (Bootstrapped),Private,0.0,,0,0,0,Bootstrapped & Profitable,None (Founder Owned),0,250,1480.0,38.0,19,550,3200000,43,5000000,3.8,52000,14000,12,Large,250,24,90,364,Private,0,0,0,Active,Still Private,0.0,0.0,19.64395368,9.661955173,11.70533141,18.78577838,14.78106684,61.91780822,30.0,11,12.23574327,0.357142857,19.54436828,10.33208506,1.621684666,15.99673845,0,0,Weak,0,0,0,1,0,1,0,8.548664859,Seed,2.341483611,0,Poor Fit,13.03890778,0,Reject,13.11079091,0,Not Ready,3.856442855,56.03960396,11.53846154,82.21796893,3,Critical Risk,0.804289544,11.73,0.0,7.42,0.611764706,80.85106381,10.88,14.54,0,1.58,3,0.23,0,1.0,0,94.33,Not Ready,1,95.67,High Funding Required,0,99.6,Seed,0,0.0,Low Growth Potential,0,96.0,Reject,0,98.0,,1,100.0,High Risk,0,0.0,0.0
ST042,Zerodha,FinTech,2010,"Bengaluru, India",2,Late Stage (Bootstrapped / Profitable),Private,0.0,,0,0,0,Self-Sustained organic growth,None (100% Founder Owned),0,3600,8320.0,4700.0,88,1200,62000000,82,50000000,4.5,1100000,25000,25,Very Large,680,35,210,925,Private,0,0,0,Active,Still Private (Bootstrapped),0.0,0.0,61.01140845,59.69438618,27.00288184,61.73717146,47.49593656,69.65442765,30.0,16,26.63722288,5.142857143,58.49224248,47.21502502,13.0354165,50.40467487,1,0,Excellent,0,0,0,0,1,1,1,48.53639465,Pre-Series A,55.74452428,3,Excellent Fit,46.06326865,3,Strong Invest,44.67478564,3,Highly Ready,21.97324858,100.0,100.0,45.60520186,0,Low Risk,12.7792672,46.03,0.0,28.29,12.94117647,95.74468083,41.62,52.77,0,3.32,0,0.52,0,16.65,3,96.0,Highly Ready,1,97.34,High Funding Required,1,95.78,Pre-Series A,1,100.0,High Growth Potential,3,98.33,Strong Invest,3,89.67,,0,0.0,Low Risk,0,8.33,1.0
ST043,PhonePe,FinTech,2015,"Bengaluru, India",3,Late Stage (Series D / Corporate Infusion),Subsidiary,1600.0,100.0,Late Stage (Series G group),May 2023 (Walmart allocations to 2025),11,Corporate Carve-out → Global Private rounds,"Walmart, General Atlantic, Tiger Global, Ribbit Capital",Walmart Inc. / General Atlantic,12000,5210.0,25.0,48,4200,28000000,91,100000000,4.6,8500000,45000,20,Very Large,980,42,310,1332,Private,0,0,0,Active,Still Private (Separate Corporate Unit),0.0,22.7380442,34.44240557,57.52575738,33.33933718,73.0909516,70.92744915,70.3675919,30.0,11,26.30517514,38.78861297,39.11494343,58.86866051,32.460097,55.06895633,1,1,Excellent,0,0,0,0,1,1,2,58.75756265,Series A,59.67055007,3,Excellent Fit,45.22459168,3,Strong Invest,41.66100563,3,Highly Ready,13.73592902,55.91702027,48.71794872,62.77840576,0,Low Risk,42.80607685,45.48,39.28571428,35.95,100.0,97.8723404,51.07,46.06,0,2.2,0,0.62,0,14.6,3,99.0,Highly Ready,1,77.49,High Funding Required,2,86.04,Series A,1,100.0,High Growth Potential,3,98.67,Strong Invest,3,98.67,,0,0.0,Low Risk,1,95.0,1.0
ST044,Angel One,FinTech,1996,"Mumbai, India",1,Public (NSE/BSE),Public,50.0,,Public (IPO),Oct-20,4,Institutional Private Stages → Public IPO,"International Finance Corporation, Public Investors",Public Markets,2400,5130.0,1345.0,70,3100,38000000,76,50000000,4.4,1400000,25000,25,Very Large,410,28,150,588,IPO,2020,270,0,Public,IPO Listing,24.0,3.307142857,44.32591844,48.62050438,27.00288184,50.3820985,27.54765306,64.85568761,0.63,30,43.52770728,8.291203961,47.00753615,41.02016563,9.362150857,41.78084062,1,0,Good,1,1,0,0,1,1,1,44.03786347,Pre-Series A,42.80346867,3,Excellent Fit,37.67921711,3,Strong Invest,36.31267553,3,Highly Ready,13.52403655,68.36397926,76.92307692,59.52906042,0,Low Risk,8.489722967,38.18,14.28571429,23.92,16.47058824,93.61702126,36.47,42.78,0,20.29,0,0.34,1,97.04,3,93.33,Highly Ready,1,96.86,High Funding Required,1,94.38,Pre-Series A,1,100.0,High Growth Potential,3,97.33,Strong Invest,3,89.0,,0,0.0,Low Risk,0,1.33,1.0
ST045,Mamaearth,D2C / E-commerce,2016,"Gurugram, India",2,Public (NSE/BSE),Public,125.0,1701.0,Public (IPO),Nov-23,8,Seed → Series A to D → IPO Listing,"Peak XV Partners, Fireside Ventures, Stellaris, Public Investors",Public Markets,1200,2140.0,115.0,64,1250,6800000,55,10000000,4.3,310000,15000,18,Large,290,65,120,475,IPO,2023,1200,0,Public,IPO Listing,7.0,15.01941762,36.00357844,16.01452636,16.70965418,24.26581028,20.11279121,47.26890756,24.05,10,13.8039659,16.53651997,36.84849277,20.87724342,8.3961882,28.62816748,0,0,Average,1,1,0,0,0,0,1,40.55410241,Pre-Series A,31.39350877,2,Good Fit,25.39695552,2,Invest,26.61385828,2,Ready,5.604555688,56.76567657,69.23076923,66.75278169,0,Low Risk,4.200178731,21.97,28.57142857,21.93,3.647058824,91.48936168,18.73,26.71,0,0.47,0,3.39,1,90.06,2,92.33,Ready,0,0.2,Low Funding Required,1,98.93,Pre-Series A,0,0.0,Low Growth Potential,2,91.0,Invest,2,84.0,,0,0.0,Low Risk,0,0.0,0.0
ST046,Urban Company,Consumer Services,2014,"Gurugram, India",3,Late Stage (Series F / Pre-IPO),Private,470.0,255.0,Series F,June 2021 (Secondary buybacks in 2024),11,Seed → Series A to F,"Prosus Ventures, Tiger Global, Vy Capital, Elevation Capital",Prosus Ventures,2100,325.0,-65.0,50,1400,5500000,49,10000000,4.6,480000,9000,24,Large,340,48,115,503,Private,0,0,0,Active,Still Private,0.0,13.31344129,28.61184417,14.54526062,18.18371758,25.31215393,22.46810816,57.93650794,30.0,12,14.441017,18.93056763,30.69487409,20.68504779,8.04479227,27.545001,0,0,Average,0,0,0,0,0,0,1,34.84913135,Pre-Series A,26.89762483,2,Good Fit,23.24511552,2,Invest,23.83271034,2,Ready,0.797245398,55.06836398,51.28205128,72.29630446,1,Moderate Risk,7.417336908,20.25,39.28571428,19.7,5.647058824,97.8723404,19.23,23.5,0,0.46,1,98.57,0,1.6,2,89.67,Ready,0,0.15,Low Funding Required,1,99.74,Pre-Series A,0,0.0,Low Growth Potential,2,87.33,Invest,2,92.0,,0,0.0,Low Risk,0,0.0,0.0
ST047,LEAD School,EdTech,2012,"Mumbai, India",2,Late Stage (Series E),Private,170.0,100.0,Series E,Jan 2022 (Debt facilities in 2023/24),8,Series A to E → Debt lines,"WestBridge Capital, GSV Ventures, Elevar Equity",WestBridge Capital,1100,345.0,-158.0,54,1100,480000,12,1000000,3.9,22000,6000,15,Medium,90,10,48,148,Private,0,0,0,Active,Still Private,0.0,7.725187061,29.70397761,3.115410393,9.92074928,17.02204074,2.325764665,53.69127517,30.0,14,15.77325695,11.97035706,31.22189099,8.927855292,4.580568827,20.50099742,0,0,Weak,0,0,0,0,0,0,1,29.09340625,Pre-Series A,18.27531534,1,Moderate Fit,17.59894454,0,Reject,19.57393024,1,Early Preparation,0.850218514,54.19141914,56.41025641,73.81637335,1,Moderate Risk,3.842716711,12.96,28.57142857,14.84,0.258823529,82.97872339,9.58,17.81,0,0.49,1,92.38,0,1.01,1,60.33,Nearly Ready,0,4.4,Low Funding Required,1,63.44,Pre-Series A,0,0.0,Low Growth Potential,0,70.67,Reject,1,88.67,,0,0.59,Low Risk,0,0.0,0.0
ST048,Teachmint,EdTech,2020,"Bengaluru, India",4,Late Stage (Series B),Private,118.0,78.0,Series B,Oct-21,4,Seed → Series A → Series B,"Lightspeed India, Rocketship.vc, Vulcan Capital, Goodwater",Rocketship.vc,500,24.0,-120.0,40,350,850000,10,10000000,4.1,165000,4000,20,Medium,75,15,42,132,Private,0,0,0,Active,Still Private,0.0,4.294245907,24.57807545,3.401286133,12.66210375,20.1889546,1.323449736,45.11278195,30.0,6,4.782474581,6.175508953,24.87960288,9.974172711,2.21395554,16.19284877,0,0,Weak,0,0,0,1,0,1,0,16.79188319,Seed,10.53979796,0,Poor Fit,14.32458152,0,Reject,15.7512294,0,Not Ready,0.0,54.54974069,38.46153846,78.15500448,2,High Risk,1.697944593,11.83,14.28571429,10.75,1.941176471,87.23404253,10.62,15.89,0,0.45,2,0.59,0,1.11,0,94.0,Not Ready,1,85.94,High Funding Required,0,99.07,Seed,0,0.0,Low Growth Potential,0,97.33,Reject,0,96.67,,1,100.0,High Risk,0,0.0,0.0
ST049,Eruditus,EdTech,2010,"Mumbai, India",2,Late Stage (Series F),Private,585.0,150.0,Series F,Oct-24,8,Series A to F,"TPG Rise, SoftBank, Accel, Chan Zuckerberg Initiative",TPG Rise,3100,3410.0,-65.0,62,1900,4200000,16,0,4.25,150000,28000,18,Very Large,160,12,68,240,Private,0,0,0,Active,Still Private,0.0,11.70063773,36.7857094,7.172383163,23.26585014,1.978021978,7.677683101,61.41078838,30.0,16,23.37941782,17.23825918,38.15977129,13.5258513,11.79126887,27.60642686,0,0,Average,0,0,0,0,0,0,1,41.7476662,Pre-Series A,31.83714986,2,Good Fit,24.42152625,2,Invest,26.43911862,2,Ready,8.968348563,55.06836398,66.66666667,68.17517663,0,Low Risk,10.9919571,19.82,28.57142857,20.07,1.764705882,90.4255319,13.82,24.29,0,0.34,0,3.35,0,5.34,2,75.33,Ready,0,2.39,Low Funding Required,1,99.67,Pre-Series A,0,0.0,Low Growth Potential,2,64.33,Invest,2,94.0,,0,0.0,Low Risk,0,0.0,0.0
ST050,BYJU'S,EdTech,2011,"Bengaluru, India",2,Late Stage (Restructuring / Insolvency Stage),Private,5000.0,200.0,Rights Issue (Disputed),Early 2024 (Insolvency 2025/26),28,Series A to H → Restructuring,"Prosus, General Atlantic, Chan Zuckerberg, Peak XV, Sofina",Existing Investors,100,2140.0,-65.0,36,2500,8100000,35,100000000,3.2,1700000,15000,5,Large,150,640,280,1070,Private,0,0,0,Active,Still Private,0.0,65.96180269,11.13625648,33.68957001,6.959654179,41.48579956,39.72023839,-45.75163399,30.0,15,20.36110378,60.14285714,15.42461138,43.43609729,20.17857143,37.06528364,1,1,Good,0,0,0,0,1,1,2,74.51130895,Series A,41.39879697,3,Excellent Fit,29.49134133,2,Invest,27.35348711,2,Ready,5.604555688,55.06836398,33.33333333,67.17253145,0,Low Risk,0.268096515,27.03,100.0,43.65,20.0,68.08510637,31.92,24.65,0,4.04,0,2.71,0,6.9,2,73.33,Ready,1,94.99,High Funding Required,2,93.55,Series A,1,98.5,High Growth Potential,2,74.67,Invest,3,78.33,,0,0.0,Low Risk,1,62.33,1.0
ST051,Practo,HealthTech,2008,"Bengaluru, India",2,Late Stage (Series D),Private,230.0,32.0,Series D,Jan 2017 (Internal debt through 2024),6,Seed → Series A to D,"Tencent, Matrix Partners, Sofina, Peak XV, Altimeter Capital",Tencent,420,242.0,-83.0,55,1100,14000000,45,10000000,4.2,110000,18000,16,Large,140,15,60,215,Private,0,0,0,Active,Still Private,0.0,6.509602717,30.0500103,18.12426697,16.72262248,26.86031715,6.198591341,57.87037037,30.0,18,19.94991594,8.833212656,31.62245133,19.78416546,2.915919439,25.56008758,0,0,Average,0,0,0,0,0,0,1,28.17240721,Pre-Series A,21.35185243,1,Moderate Fit,22.18436663,1,Watchlist,22.55054642,1,Early Preparation,0.577406966,54.89863272,57.69230769,72.22776073,1,Moderate Risk,1.411974978,20.22,21.42857143,16.05,1.294117647,89.36170211,18.5,24.16,0,0.41,1,95.6,0,4.12,1,89.67,Nearly Ready,0,10.08,Low Funding Required,1,97.71,Pre-Series A,0,0.01,Low Growth Potential,1,75.67,Watchlist,1,71.67,,0,0.03,Low Risk,0,0.0,0.0
ST052,PharmEasy,HealthTech,2015,"Mumbai, India",2,Late Stage (Series F / Debt Restructuring),Private,1200.0,3500.0,Rights Issue / Downround,Late 2023 / 2024,14,Series A to G → Debt Deleveraging,"Ranjan Pai (MEMG), Temasek, TPG, Prosus, Marigold",Ranjan Pai (MEMG),710,5840.0,-420.0,22,2200,22000000,52,50000000,4.1,420000,25000,15,Very Large,320,85,140,545,Private,0,0,0,Active,Still Private (IPO Draft Postponed),0.0,37.63154713,25.57333898,33.86220085,19.50288184,39.04267147,23.59602029,43.04029304,30.0,11,21.42692588,33.8344911,26.21550054,39.61872055,17.31545686,38.12448275,1,1,Good,0,0,0,0,1,1,2,55.34340358,Series A,38.50428319,3,Excellent Fit,31.06524056,3,Strong Invest,29.24539966,3,Highly Ready,15.40458217,51.72088637,15.38461538,69.26764106,0,Low Risk,2.448614835,29.81,50.0,32.56,4.941176471,87.23404253,31.77,30.55,0,1.06,0,3.88,0,5.0,3,65.33,Highly Ready,1,94.33,High Funding Required,2,95.38,Series A,1,98.26,High Growth Potential,3,90.33,Strong Invest,3,92.0,,0,0.0,Low Risk,1,69.67,0.993
ST053,Tata 1mg,HealthTech,2015,"Gurugram, India",3,Late Stage (Series D),Acquired,230.0,40.0,Internal Infusion,Sept 2022 (Tata allocations to 2025),11,Early Rounds → Acquired by Tata → Growth Rounds,"Tata Digital, Sequoia Capital, IFC, HBM Healthcare",Tata Digital,1300,1960.0,-310.0,26,1800,31000000,68,50000000,4.4,680000,25000,18,Very Large,450,25,130,605,Acquisition,2021,450,Tata Digital,Acquired,Strategic Acquisition,6.0,10.1195034,22.00929668,40.90995626,21.75288184,45.2943157,29.22178988,70.1320132,23.55,11,16.20976619,15.85086961,23.9661379,36.564355,6.94614075,31.95579594,0,0,Average,1,0,1,0,1,1,1,25.97519052,Pre-Series A,24.52825866,1,Moderate Fit,27.52233199,2,Invest,24.97308689,2,Ready,5.127797643,52.75813296,20.51282051,75.60622604,2,High Risk,4.557640751,29.29,39.28571428,19.93,8.0,93.61702126,32.23,29.58,1,97.55,2,1.28,1,78.94,2,83.0,Ready,1,94.7,High Funding Required,1,95.98,Pre-Series A,1,99.99,High Growth Potential,2,87.33,Invest,1,66.67,,0,0.0,Low Risk,0,3.0,0.001
ST054,MediBuddy,HealthTech,2013,"Bengaluru, India",2,Late Stage (Series C),Private,190.0,18.0,Growth Round,Feb-24,9,Series A → Series B → Series C → Growth,"Quadria Capital, Lightrock India, Bessemer Venture Partners",Quadria Capital,400,615.0,-45.0,40,850,3800000,28,10000000,4.3,150000,18000,20,Large,125,12,55,192,Private,0,0,0,Active,Still Private,0.0,8.225133671,25.50169874,9.027760452,19.72262248,22.43491177,4.923902871,58.5492228,30.0,13,14.29454067,11.98781618,26.41456836,16.92189332,3.696560358,22.44531709,0,0,Average,0,0,0,0,0,1,1,25.11070184,Pre-Series A,18.62124339,1,Moderate Fit,18.92911262,1,Watchlist,19.62685962,1,Early Preparation,1.565355582,55.25695427,38.46153846,76.18972663,2,High Risk,1.340482574,16.81,32.14285714,14.56,1.764705882,91.48936168,16.52,20.06,0,0.3,2,0.27,0,1.15,1,76.33,Nearly Ready,1,95.25,High Funding Required,1,91.12,Pre-Series A,0,0.0,Low Growth Potential,1,89.67,Watchlist,1,80.0,,0,5.77,Low Risk,0,0.0,0.0
ST055,Healthify,HealthTech,2012,"Bengaluru, India",3,Late Stage (Series C),Private,130.0,30.0,Pre-IPO Round,Oct 2024 / 2025,8,Series A to C → Pre-IPO Bridge,"LeapFrog Investments, Khosla Ventures, Unilever Ventures",LeapFrog Investments,380,265.0,-65.0,62,750,2400000,35,10000000,4.5,290000,12000,22,Large,160,10,70,240,Private,0,0,0,Active,Still Private,0.0,7.028556118,32.62334407,9.230837646,18.19668588,22.93665433,7.677683101,62.2406639,30.0,14,14.71812867,10.51934057,33.53665892,16.11766735,3.020104654,24.61164165,0,0,Average,0,0,0,0,0,0,1,29.99150694,Pre-Series A,23.61686445,1,Moderate Fit,21.27498232,1,Watchlist,22.63249432,1,Early Preparation,0.63832605,55.06836398,66.66666667,71.21661498,1,Moderate Risk,1.26899017,18.08,28.57142857,16.0,3.411764706,95.74468083,15.83,22.9,0,0.46,1,95.98,0,1.94,1,92.67,Nearly Ready,0,9.43,Low Funding Required,1,99.29,Pre-Series A,0,0.0,Low Growth Potential,1,75.33,Watchlist,1,92.0,,0,0.0,Low Risk,0,0.0,0.0
ST056,Curefoods,FoodTech / Cloud Kitchen,2020,"Bengaluru, India",1,Late Stage (Series D),Private,180.0,25.0,Series D,Apr-24,7,Series A to D,"Three State Ventures, Iron Pillar, Chiratae Ventures",Three State Ventures,440,420.0,-74.0,45,900,850000,16,1000000,4.0,18000,22000,16,Very Large,185,14,62,261,Private,0,0,0,Active,Still Private,0.0,6.740225337,26.89347313,3.629157948,18.73991354,17.61754033,9.127715116,65.26717557,30.0,6,6.726708923,9.715922023,28.00199614,12.72899187,3.162908205,20.35604481,0,0,Weak,0,0,0,0,0,0,0,22.81904501,Seed,17.13052371,1,Moderate Fit,17.32511669,0,Reject,18.72092144,0,Not Ready,1.0488677,54.98349835,44.87179487,75.98130638,2,High Risk,1.483467382,14.5,25.0,13.17,0.211764706,85.10638296,13.14,18.56,0,0.3,2,0.45,0,0.96,0,81.0,Not Ready,0,6.48,Low Funding Required,0,96.83,Seed,0,0.0,Low Growth Potential,0,89.0,Reject,1,74.0,,0,1.13,Low Risk,0,0.0,0.0
ST057,Porter,Supply Chain & Logistics,2014,"Bengaluru, India",3,Late Stage (Series H / Pre-IPO),Private,150.0,20.0,Secondary Exit / Bridge,2024 / 2025,7,Series A to E → Secondary,"Tiger Global, Peak XV, Lightrock, Mahindra & Mahindra",Tiger Global,1000,2730.0,35.0,18,1400,2900000,48,10000000,4.4,210000,15000,18,Large,290,22,95,407,Private,0,0,0,Active,Still Private,0.0,6.446180269,20.95174512,12.90613305,16.70965418,22.56529178,17.46687682,65.68627451,30.0,12,16.9874052,10.33760969,21.76158094,16.63806472,5.908104458,21.91762942,0,0,Average,0,0,0,1,0,1,0,19.7900584,Seed,12.79144813,0,Poor Fit,17.64874796,0,Reject,17.45642272,0,Not Ready,7.167262614,56.01131542,10.25641026,79.90248346,3,Critical Risk,3.485254692,16.02,25.0,12.82,2.470588235,93.61702126,16.17,18.19,0,0.89,3,0.23,0,1.04,0,80.33,Not Ready,1,99.01,High Funding Required,0,99.52,Seed,0,0.0,Low Growth Potential,0,85.33,Reject,0,63.67,,1,89.27,High Risk,0,0.0,0.0
ST058,BlackBuck,Supply Chain & Logistics,2015,"Bengaluru, India",3,Public (NSE/BSE),Public,360.0,,Public (IPO),Late 2024 / Listed to 2026,10,Series A to E → IPO Listing,"Accel, Tiger Global, Sands Capital, IFC, Public Shareholders",Public Markets,1100,1240.0,-65.0,16,1100,650000,14,1000000,4.2,35000,35000,12,Very Large,140,18,50,208,Private,0,0,0,Active,Still Private (IPO Draft Filed),0.0,10.38285714,18.23192531,3.548642891,22.29610951,18.4116423,5.9262178,58.37320574,30.0,11,13.50658764,15.01057036,19.27603049,15.516985,6.097102064,19.95813015,0,0,Weak,0,0,0,1,0,0,0,21.39954906,Seed,14.02539684,0,Poor Fit,15.75444573,0,Reject,16.1730219,0,Not Ready,3.220765462,55.06836398,7.692307692,81.78362325,3,Critical Risk,3.842716711,13.96,35.71428571,12.97,0.411764706,89.36170211,15.54,15.83,0,1.17,3,0.27,0,1.1,0,94.67,Not Ready,0,13.79,Low Funding Required,0,98.54,Seed,0,0.0,Low Growth Potential,0,95.33,Reject,0,87.67,,1,99.09,High Risk,0,0.0,0.0
ST059,Rivigo,Supply Chain & Logistics,2014,"Gurugram, India",2,Late Stage (Acquired by Mahindra Logistics),Acquired,260.0,,Asset Sale / M&A,Sept 2022 (Fully Integrated),9,Series A to E → Acquired by Mahindra Logistics,"Mahindra Logistics, Warburg Pincus, Elevation Capital",Mahindra Logistics Ltd,1400,2140.0,-65.0,12,450,120000,6,500000,3.6,8000,35000,12,Very Large,55,42,38,135,Acquisition,2022,10,Mahindra Logistics,Acquired,Business Asset Sale,8.0,8.768571429,15.22716557,0.599075786,22.29610951,15.43797247,0.93385214,9.558823529,20.02333333,12,11.46289939,11.74593455,15.72624136,13.1234201,2.658681561,13.75511576,0,0,Weak,1,0,1,1,0,1,0,15.55655705,Seed,8.411075422,0,Poor Fit,12.16815248,0,Reject,12.99621047,0,Not Ready,5.604555688,55.06836398,2.564102564,83.75479597,3,Critical Risk,4.91510277,11.61,32.14285714,10.27,0.094117647,76.59574466,13.58,13.21,1,97.35,3,0.29,1,66.12,0,94.0,Not Ready,1,96.68,High Funding Required,0,98.82,Seed,0,0.0,Low Growth Potential,0,93.33,Reject,0,95.67,,1,100.0,High Risk,0,0.0,0.0
ST060,BluSmart,Mobility / CleanTech,2019,"Gurugram, India",3,Late Stage (Series B Extended),Private,210.0,50.0,Growth / Equity & Debt,May 2024 (Follow-on tranches 2025),12,Seed → Bridge → Series A → Growth,"BP Ventures, Inflection Point Ventures, Green Frontier",BP Ventures,420,410.0,-65.0,28,850,1500000,42,5000000,4.5,95000,14000,35,Large,380,45,110,535,Private,0,0,0,Active,Still Private,0.0,10.70187924,21.10175684,9.086406037,28.95533141,21.04150243,24.72590258,62.5,30.0,7,7.648917439,15.66117191,22.12315236,21.26291449,4.320449372,23.71957328,0,0,Average,0,0,0,0,0,0,0,23.10533245,Seed,20.06146037,1,Moderate Fit,19.42455006,1,Watchlist,19.46275544,1,Early Preparation,1.022381142,55.06836398,23.07692308,78.84411386,3,Critical Risk,1.411974978,18.6,42.85714286,14.92,1.117647059,95.74468083,20.54,20.34,0,0.91,3,0.41,0,1.57,1,90.33,Nearly Ready,0,5.97,Low Funding Required,0,87.42,Seed,0,0.0,Low Growth Potential,1,91.33,Watchlist,1,86.33,,0,1.51,Low Risk,0,0.33,0.0
ST061,Ola Electric,Mobility / CleanTech,2017,"Bengaluru, India",1,Public (NSE/BSE),Public,1100.0,,Public (IPO),Aug-24,11,Private Rounds → Mega Public Listing,"SoftBank, Tiger Global, Temasek, Matrix Partners, Public Markets",Public Markets,4600,6820.0,-1140.0,20,4200,5800000,78,5000000,4.1,65000,28000,25,Very Large,1120,340,450,1910,IPO,2024,4600,0,Public,IPO Listing,7.0,17.75714286,24.83068759,23.77818506,28.51585014,21.35346656,96.96202532,40.81632653,31.98333333,9,25.86696873,25.19670822,28.65090008,28.9877629,19.01406125,36.42218528,1,0,Good,1,1,0,0,0,0,1,40.62894285,Pre-Series A,32.52158332,2,Good Fit,28.3235021,2,Invest,27.03772486,2,Ready,18.00026487,44.93163602,12.82051282,75.36717847,2,High Risk,16.3538874,26.1,39.28571428,23.02,0.764705882,87.23404253,26.28,27.05,0,0.28,2,5.8,0,6.57,2,88.0,Ready,0,2.72,Low Funding Required,1,98.35,Pre-Series A,0,0.0,Low Growth Potential,2,92.33,Invest,2,90.67,,0,0.0,Low Risk,0,12.67,0.998
ST062,Ather Energy,Mobility / CleanTech,2013,"Bengaluru, India",2,Public (NSE/BSE),Public,550.0,,Public (IPO),April/May 2025,15,Series A to F → Public Listing,"Hero MotoCorp, GIC (Singapore), Tiger Global, Public Investors",Public Markets,3400,2350.0,-65.0,24,2600,2400000,62,1000000,4.3,28000,28000,30,Very Large,680,52,210,942,IPO,2025,3400,0,Public,IPO Listing,12.0,15.66428571,22.42826816,15.40099279,32.26585014,19.66911992,48.15741516,66.59597031,22.93333333,13,20.98366575,25.07043259,25.65738854,26.26993467,12.68704667,31.03598441,0,0,Average,1,1,0,0,0,1,1,35.72257544,Pre-Series A,29.97497192,2,Good Fit,24.87773705,2,Invest,24.39296364,2,Ready,6.160773407,55.06836398,17.94871795,76.64448997,2,High Risk,12.06434316,23.29,53.57142857,20.33,0.329411765,91.48936168,24.78,24.16,0,10.75,2,17.23,1,89.56,2,92.0,Ready,1,52.77,High Funding Required,1,97.6,Pre-Series A,0,0.0,Low Growth Potential,2,90.67,Invest,2,91.0,,0,0.0,Low Risk,0,7.33,0.003
ST063,Rapido,Mobility / Logistics,2015,"Bengaluru, India",3,Late Stage (Series E),Private,430.0,120.0,Series E,Sept 2024 (Unicorn Round),10,Series A to E,"WestBridge Capital, Swiggy, Nexus Venture Partners, Roosh Ventures",WestBridge Capital,1100,1120.0,-65.0,22,1350,4800000,75,50000000,4.4,850000,16000,24,Large,590,65,180,835,Private,0,0,0,Active,Still Private,0.0,11.58993876,20.11856147,26.43893404,21.71397695,32.99231182,41.71551002,62.79904306,30.0,11,14.07269374,15.74255861,21.68830121,28.23737135,6.367805155,28.33001595,0,0,Average,0,0,0,0,0,0,0,24.56378008,Seed,20.08889456,1,Moderate Fit,23.0956147,2,Invest,21.48605173,1,Early Preparation,2.902926765,55.06836398,15.38461538,77.82912653,2,High Risk,3.842716711,23.19,35.71428571,17.57,10.0,93.61702126,25.38,23.98,0,1.46,2,1.38,0,1.48,1,74.67,Nearly Ready,0,11.65,Low Funding Required,0,91.27,Seed,0,4.0,Low Growth Potential,1,63.0,Watchlist,1,79.67,,0,0.24,Low Risk,0,3.33,0.0
ST064,Namma Yatri,Mobility / Open Network,2022,"Bengaluru, India",2,Early Stage (Seed Round),Private,11.0,11.0,Pre-Series A,Jul-24,1,Seed / Standalone Spin-off,"Moving Tech, Blume Ventures, Antler India, Google (via Juspay)",Blume Ventures / Antler India,55,2140.0,-65.0,36,200,1200000,38,5000000,4.5,110000,16000,30,Large,240,18,85,343,Subsidiary,0,0,0,Active,Part of Moving Tech,0.0,0.866184862,11.13625648,7.041086732,26.21397695,20.93135375,13.71078166,64.53488372,30.0,4,2.198310008,1.318121661,11.17322506,16.29486732,0.360846545,14.48049579,0,0,Weak,0,0,0,1,0,1,0,0.0,Seed,0.0,0,Poor Fit,11.19203104,0,Reject,10.40794375,0,Not Ready,5.604555688,55.06836398,33.33333333,83.06907266,3,Critical Risk,0.107238606,12.72,3.571428571,4.99,1.294117647,95.74468083,16.62,13.58,0,1.39,3,0.22,0,0.95,0,93.67,Not Ready,1,98.38,High Funding Required,0,99.56,Seed,0,0.0,Low Growth Potential,0,93.0,Reject,0,93.0,,1,100.0,High Risk,0,0.0,0.0
ST065,CarDekho,E-commerce / AutoTech,2008,"Jaipur, India",2,Late Stage (Series E / Pre-IPO),Private,310.0,250.0,Series E,Oct-21,9,Series A to E,"CapitalG (Google), Girnar Software, Peak XV, Hillhouse",CapitalG (Google),1200,2510.0,-124.0,38,2100,34000000,58,10000000,4.3,220000,20000,14,Very Large,210,24,90,324,Private,0,0,0,Active,Still Private,0.0,10.42082479,27.17890133,33.47592424,16.23126801,37.24085877,12.21198838,57.23076923,30.0,18,25.12389327,14.46216582,29.39910415,29.36686252,7.295682288,30.81852771,0,0,Average,0,0,0,0,1,0,1,32.16270724,Pre-Series A,25.19124669,2,Good Fit,26.56795913,2,Invest,25.29334753,2,Ready,6.584558337,54.51202263,35.8974359,72.51961419,1,Moderate Risk,4.200178731,26.05,32.14285714,20.14,2.588235294,91.48936168,25.94,28.13,0,1.37,1,69.2,0,3.68,2,76.0,Ready,1,89.76,High Funding Required,1,99.47,Pre-Series A,1,95.4,High Growth Potential,2,88.67,Invest,2,70.67,,0,0.0,Low Risk,0,1.67,0.001
ST066,Cars24,E-commerce / AutoTech,2015,"Gurugram, India",4,Late Stage (Series G),Private,1300.0,400.0,Series G,Dec-21,12,Series A to G,"DST Global, Alpha Wave Global, SoftBank, Tencent, Exor",DST Global,3300,6240.0,-95.0,15,2800,15000000,64,10000000,4.4,310000,20000,15,Very Large,260,38,115,413,Private,0,0,0,Active,Still Private,0.0,22.19503396,24.32928841,25.03445404,16.98126801,28.66677853,16.94084618,53.62318841,30.0,11,23.51402754,26.74503956,25.86874943,27.78992042,17.57765359,31.65267022,0,0,Average,0,0,0,0,0,0,1,42.01349835,Pre-Series A,29.41234917,2,Good Fit,26.08267372,2,Invest,25.22364183,2,Ready,16.4640445,54.78547855,6.41025641,73.96007194,2,High Risk,11.70688114,23.91,42.85714286,24.55,3.647058824,93.61702126,24.02,25.05,0,0.26,2,4.24,0,4.09,2,89.33,Ready,0,10.76,Low Funding Required,1,97.91,Pre-Series A,0,0.07,Low Growth Potential,2,94.33,Invest,2,90.67,,0,0.0,Low Risk,0,5.67,0.017
ST067,Spinny,E-commerce / AutoTech,2015,"Gurugram, India",3,Late Stage (Series E),Private,570.0,283.0,Series E,Dec-21,8,Series A to E,"Tiger Global, Abu Dhabi Investment Authority, Alpha Wave",Tiger Global,1700,3410.0,-590.0,14,1600,7500000,49,5000000,4.3,85000,20000,16,Very Large,195,16,72,283,Private,0,0,0,Active,Still Private,0.0,12.20523652,19.30939034,15.0461681,17.73126801,23.07576504,10.2369108,63.02816901,30.0,11,17.19048199,15.54425372,20.12892357,19.7783163,9.444266146,23.34903668,0,0,Average,0,0,0,0,0,0,0,24.44491852,Seed,15.59517063,0,Poor Fit,18.82602807,1,Watchlist,18.32693873,0,Not Ready,8.968348563,50.11786893,5.128205128,80.3277369,3,Critical Risk,5.987488829,17.45,28.57142857,15.68,1.0,91.48936168,18.29,18.82,0,0.92,3,0.41,0,1.24,0,78.67,Not Ready,0,16.64,Low Funding Required,0,95.42,Seed,0,0.0,Low Growth Potential,1,68.33,Watchlist,0,70.67,,0,8.26,Low Risk,0,0.0,0.0
ST068,ACKO,FinTech / InsurTech,2016,"Bengaluru, India",2,Late Stage (Series D),Private,450.0,85.0,Series D (Extensions up to 2024),Oct-21,7,Series A to D,"General Atlantic, Multiples PE, Lightspeed, Amazon, Accel",General Atlantic,1400,2150.0,-65.0,35,1100,9200000,54,10000000,4.5,180000,30000,22,Very Large,280,14,88,382,Private,0,0,0,Active,Still Private,0.0,9.458766145,25.91357084,16.92618878,27.27449568,25.9745341,16.24094961,69.45169713,30.0,10,13.3986573,12.73590518,26.4759269,24.47210222,7.075250295,27.00232483,0,0,Average,0,0,0,0,0,1,1,26.21670242,Pre-Series A,23.08808698,1,Moderate Fit,22.60396117,1,Watchlist,22.28736949,1,Early Preparation,5.631042246,55.06836398,32.05128205,75.28927327,2,High Risk,4.91510277,21.98,25.0,16.39,2.117647059,95.74468083,22.86,24.38,0,0.63,2,1.14,0,1.62,1,89.0,Nearly Ready,1,94.74,High Funding Required,1,99.22,Pre-Series A,0,0.0,Low Growth Potential,1,90.0,Watchlist,1,65.33,,0,0.0,Low Risk,0,0.33,0.0
ST069,Policybazaar,FinTech / InsurTech,2008,"Gurugram, India",3,Public (NSE/BSE),Public,360.0,,Public (IPO),Nov-21,10,Private Growth Rounds → Public Listing,"PB Fintech, SoftBank, Info Edge, Temasek, Public Investors",Public Markets,6800,4220.0,310.0,46,6500,28000000,85,50000000,4.4,1200000,35000,20,Very Large,490,32,165,687,IPO,2021,6000,0,Public,IPO Listing,13.0,10.38285714,32.98781798,50.76590775,28.29610951,45.06341718,33.42510959,66.56976744,27.75,18,39.13405324,23.15342751,42.43584285,43.18492072,18.64206752,44.66979565,1,0,Good,1,1,0,0,1,0,1,47.9891411,Pre-Series A,45.13745583,3,Excellent Fit,38.46440342,3,Strong Invest,36.27628524,3,Highly Ready,11.11375977,58.60443187,46.15384615,66.31127489,0,Low Risk,24.21805183,38.4,35.71428571,27.36,14.11764706,93.61702126,38.51,40.13,0,2.59,0,0.52,1,97.24,3,98.67,Highly Ready,0,26.6,Low Funding Required,1,95.28,Pre-Series A,1,100.0,High Growth Potential,3,98.33,Strong Invest,3,87.33,,0,0.0,Low Risk,0,7.33,1.0
ST070,Digit Insurance,FinTech / InsurTech,2016,"Bengaluru, India",1,Public (NSE/BSE),Public,540.0,,Public (IPO),May-24,8,Private Equity Rounds → Public IPO Listing,"Go Digit, Fairfax Financial, Peak XV, Public Shareholders",Public Markets,3200,8110.0,182.0,28,1400,3100000,29,1000000,4.2,24000,30000,24,Very Large,310,15,92,417,IPO,2024,30000,Public,IPO Listing,8,,10.57428571,31.75842162,8.017008036,28.77449568,19.57354275,18.36231099,70.57416268,100.0,10,20.54083436,16.69808343,29.72011429,20.35722282,15.36055605,34.58205667,0,0,Average,1,1,0,0,0,0,1,33.91162251,Pre-Series A,28.7663783,2,Good Fit,24.95477361,2,Invest,24.76145139,2,Ready,21.41703086,57.39745403,23.07692308,73.01089635,1,Moderate Risk,11.34941912,20.72,28.57142857,17.87,0.282352941,89.36170211,19.93,24.07,0,0.51,1,97.56,1,72.65,2,91.67,Ready,0,2.38,Low Funding Required,1,99.34,Pre-Series A,0,0.53,Low Growth Potential,2,92.33,Invest,2,92.33,,0,1.67,Low Risk,0,0.33,0.003
ST071,Navi,FinTech,2018,"Bengaluru, India",2,Late Stage (Series G / Pre-IPO),Private,580.0,,Private Debt Rounds,Continuous,4,Integrated financial engine deployment,Sachin Bansal (99%+ Ownership),Sachin Bansal,1200,2140.0,251.0,52,1600,2500000,44,50000000,4.3,450000,25000,28,Very Large,340,28,110,478,Private,0,0,0,Active,Still Private,0.0,8.077142857,32.16915214,20.37541717,29.25288184,30.51054202,21.49534552,65.13569937,30.0,8,12.6315339,9.469501412,33.66101656,27.3916871,6.291250349,30.01597534,0,0,Average,0,0,0,0,0,0,1,29.68386861,Pre-Series A,28.41602481,2,Good Fit,25.72472275,2,Invest,25.65158992,2,Ready,5.604555688,58.04809052,53.84615385,70.36094871,1,Moderate Risk,4.200178731,25.14,14.28571429,17.65,5.294117647,91.48936168,25.22,28.97,0,0.4,1,98.44,0,4.59,2,88.33,Ready,0,11.01,Low Funding Required,1,99.34,Pre-Series A,0,0.21,Low Growth Potential,2,82.0,Invest,2,90.0,,0,0.0,Low Risk,0,0.0,0.0
ST072,BharatPe,FinTech,2018,"New Delhi, India",3,Late Stage (Series E),Private,720.0,100.0,Series E (Equity restructure to 2024),Aug-21,9,Seed → Series A to E,"Tiger Global, Dragoneer, Coatue, Peak XV, Insight Partners",Tiger Global,2400,1610.0,-65.0,30,1100,1800000,39,10000000,4.1,140000,35000,18,Very Large,210,115,140,465,Private,0,0,0,Active,Still Private,0.0,13.38947278,23.49434262,10.21257853,26.79610951,20.59069991,17.6983697,20.38626609,30.0,8,10.68405395,17.976674,24.34257179,21.4810578,9.623967905,23.59918473,0,0,Average,0,0,0,1,0,0,1,28.52726577,Pre-Series A,23.17684145,1,Moderate Fit,20.45154964,1,Watchlist,20.90885102,1,Early Preparation,4.20076811,55.06836398,25.64102564,76.79098224,2,High Risk,8.489722967,19.36,32.14285714,17.18,1.647058824,87.23404253,20.34,21.4,0,0.24,2,15.62,0,1.89,1,72.0,Nearly Ready,0,3.39,Low Funding Required,1,99.43,Pre-Series A,0,0.0,Low Growth Potential,1,85.0,Watchlist,1,81.67,,1,98.21,High Risk,0,0.0,0.0
ST073,Paytm,FinTech,2010,"Noida, India",1,Public (NSE/BSE),Public,3500.0,,Public (IPO),Nov-21,14,Private Funding Stages → Public Listing,"One97 Communications, Ant Group, SoftBank, Public Investors",Public Markets,5400,7850.0,-25.0,40,11000,45000000,81,100000000,4.4,7200000,45000,15,Very Large,850,420,510,1780,IPO,2021,16000,0,Public,IPO Listing,11.0,41.5,35.1148423,78.02506482,29.58933718,77.42282248,85.06821652,24.14373947,53.58333333,16,53.3114958,42.88036566,50.9590944,72.01532614,28.45951897,67.916162,1,1,Excellent,1,1,0,0,1,0,3,85.37946347,Series B+,70.42254167,3,Excellent Fit,54.09391993,3,Strong Invest,49.00091223,3,Highly Ready,20.72838035,55.44554455,38.46153846,56.57926254,0,Low Risk,19.21358356,53.99,50.0,46.99,84.70588235,93.61702126,58.39,55.24,0,1.15,0,0.5,1,90.41,3,99.0,Highly Ready,0,49.2,Low Funding Required,3,86.58,Series B+,1,100.0,High Growth Potential,3,99.33,Strong Invest,3,96.67,,0,0.0,Low Risk,1,95.0,1.0
ST074,Cashfree Payments,FinTech,2015,"Bengaluru, India",2,Late Stage (Series B),Private,42.0,35.0,Series B,June 2021 (Regulatory updates 2024),4,Seed → Series A → Series B,"State Bank of India, Y Combinator, Apis Partners, PayPal",Apis Partners,500,680.0,-136.0,34,800,4200000,24,1000000,4.0,12000,35000,18,Very Large,165,14,68,247,Private,0,0,0,Active,Still Private,0.0,3.403458328,23.37065367,6.687426051,26.79610951,19.22753387,8.07663892,60.88709677,30.0,11,12.08187267,5.635325063,24.15669119,16.73839715,2.464787918,20.52386443,0,0,Weak,0,0,0,1,0,1,0,16.77623984,Seed,14.18874327,0,Poor Fit,17.08316088,0,Reject,17.53617797,0,Not Ready,1.73751821,54.39886846,30.76923077,79.0210299,3,Critical Risk,1.697944593,16.32,14.28571429,10.52,0.141176471,85.10638296,17.01,19.38,0,0.36,2,0.71,0,0.99,0,88.33,Not Ready,1,98.02,High Funding Required,0,99.0,Seed,0,0.0,Low Growth Potential,0,96.0,Reject,0,79.0,,1,99.57,High Risk,0,0.0,0.0
ST075,OfBusiness,B2B Marketplace & FinTech,2015,"Gurugram, India",3,Late Stage (Pre-IPO),Private,880.0,325.0,Series G,Dec 2021 (Public Ltd conversion 2025),10,Seed → Series A to G → Converted to Public Ltd,"SoftBank, Tiger Global, Alpha Wave Global, Matrix Partners",SoftBank Vision Fund 2,5000,21450.0,610.0,18,2300,850000,18,500000,4.1,10000,120000,14,Very Large,420,18,115,553,Private,0,0,0,Active,Still Private (IPO Planned),0.0,16.62578652,46.8118083,6.454036969,66.66354467,17.92424872,26.43894991,72.5631769,30.0,11,38.23189078,24.36778351,39.37496246,37.26767857,31.00287849,45.19592458,1,0,Good,0,0,0,0,0,0,2,55.25850344,Series A,57.48540206,3,Excellent Fit,36.21116844,3,Strong Invest,36.60555374,3,Highly Ready,56.75009932,61.43328619,10.25641026,64.1015045,0,Low Risk,17.78373548,34.63,35.71428571,25.35,0.117647059,87.23404253,35.73,38.39,0,0.82,0,17.02,0,11.35,3,91.0,Highly Ready,0,2.38,Low Funding Required,2,91.94,Series A,0,0.0,Low Growth Potential,3,92.0,Strong Invest,3,93.67,,0,0.0,Low Risk,0,21.0,1.0
ST076,Infra.Market,B2B Marketplace / Construction,2016,"Thane, India",2,Late Stage (Series D / Pre-IPO),Private,510.0,50.0,Late Stage / Pre-IPO,May 2024 / 2025,11,Series A to D → Pre-IPO Blocks,"Tiger Global, Nexus Venture, Accel, Mars Growth, Liquid 2",Liquidity Group,2600,15400.0,415.0,20,1400,320000,11,0,4.25,150000,80000,12,Very Large,290,24,88,402,Private,0,0,0,Active,Still Private,0.0,12.68759353,39.11878153,3.21090198,44.99063401,0.096961862,17.27232429,66.00496278,30.0,10,28.25940817,19.26533202,33.22118729,21.04197767,20.71882499,32.49505694,0,0,Average,0,0,0,0,0,0,1,42.41229434,Pre-Series A,38.86328163,3,Excellent Fit,27.30068287,2,Invest,28.50720364,2,Ready,40.72573169,59.59453088,12.82051282,69.45089319,1,Moderate Risk,9.204647006,24.53,39.28571428,20.25,1.764705882,90.4255319,21.34,27.72,0,0.42,1,97.86,0,7.62,2,54.0,Ready,0,1.63,Low Funding Required,1,97.73,Pre-Series A,0,0.0,Low Growth Potential,2,85.0,Invest,3,65.67,,0,0.0,Low Risk,0,0.33,0.089
ST077,Zetwerk,B2B Manufacturing,2018,"Bengaluru, India",4,Late Stage (Series F),Private,660.0,20.0,Series F (Extensions into 2024),Dec-21,13,Series A to F,"Greenoaks, Lightspeed, Peak XV, D1 Capital, Accel India",Greenoaks Capital,2800,14210.0,155.0,15,1850,410000,15,0,4.25,150000,140000,15,Very Large,310,15,92,417,Private,0,0,0,Active,Still Private,0.0,15.32189456,35.34895228,4.767757237,77.5,0.140594699,18.36231099,70.57416268,30.0,8,26.10428125,22.57708834,30.91313064,36.27208247,20.92973372,38.32167865,1,0,Good,0,0,0,0,0,0,1,42.61865095,Pre-Series A,49.14088207,3,Excellent Fit,31.83163788,3,Strong Invest,31.83261332,3,Highly Ready,37.57383128,57.14285714,6.41025641,71.33866581,1,Moderate Risk,9.919571046,33.24,46.42857143,21.12,1.764705882,90.4255319,35.55,34.37,0,0.53,1,97.4,0,5.35,3,83.33,Highly Ready,0,4.55,Low Funding Required,1,96.43,Pre-Series A,0,0.0,Low Growth Potential,3,86.33,Strong Invest,3,85.67,,0,0.0,Low Risk,0,4.0,0.997
ST078,ElasticRun,B2B Logistics / E-commerce,2016,"Pune, India",3,Late Stage (Series E),Private,430.0,330.0,Series E,Feb-22,7,Series A to E,"SoftBank, Prosus Ventures, Goldman Sachs, Avataar Ventures",SoftBank Vision Fund 2,1500,3920.0,-360.0,10,950,180000,8,1000000,3.9,15000,45000,16,Very Large,110,12,45,167,Private,0,0,0,Active,Still Private,0.0,10.45697444,19.0544898,1.994305507,30.33933718,16.86012736,3.57139339,58.33333333,30.0,10,14.85681783,13.48408738,18.40255303,17.95851634,8.962027014,21.03019806,0,0,Average,0,0,0,1,0,1,0,20.86965424,Seed,15.51653363,0,Poor Fit,16.3641107,0,Reject,16.57704988,0,Not Ready,10.31916302,52.28665724,0.0,82.19778508,3,Critical Risk,5.27256479,15.44,25.0,12.46,0.176470588,82.97872339,17.87,17.16,0,0.87,3,0.28,0,1.3,0,94.67,Not Ready,1,98.57,High Funding Required,0,97.2,Seed,0,0.0,Low Growth Potential,0,90.33,Reject,0,88.0,,1,99.61,High Risk,0,0.0,0.0
ST079,Udaan,B2B E-commerce,2016,"Bengaluru, India",3,Late Stage (Series E),Private,1500.0,340.0,Series E / Downround debt combo,Dec-23,17,Series A to E → Downround Debt structural adjustment,"Lightspeed, DST Global, Tencent, Altimeter Capital, Evolution",Lightspeed Venture Partners,1800,2640.0,-850.0,14,1900,1100000,28,10000000,4.1,280000,60000,14,Very Large,280,75,130,485,Private,0,0,0,Active,Still Private,0.0,27.27792172,17.79997092,9.441461408,36.40417867,20.58074516,20.24873171,42.18106996,30.0,10,16.13557865,31.25593291,19.58166667,29.47435923,13.58151208,29.40782214,0,0,Average,0,0,0,0,0,1,1,40.13403699,Pre-Series A,30.73287635,2,Good Fit,23.08721647,2,Invest,22.61493194,1,Early Preparation,6.928883592,47.66619519,5.128205128,78.92555676,3,Critical Risk,6.344950849,22.2,60.71428571,22.93,3.294117647,87.23404253,26.39,22.27,0,0.79,3,4.74,0,1.41,1,72.67,Nearly Ready,1,87.36,High Funding Required,1,93.1,Pre-Series A,0,0.0,Low Growth Potential,2,77.33,Invest,2,43.0,,0,0.0,Low Risk,0,5.33,0.0
ST080,Ninjacart,Agritech / Supply Chain,2015,"Bengaluru, India",5,Late Stage (Series D),Private,370.0,9.0,Series D Extension,May-23,9,Series A to D,"Flipkart, Walmart, Accel, Tiger Global, Qualcomm",Walmart Inc.,820,2350.0,-255.0,14,1100,340000,14,1000000,4.0,24000,55000,18,Very Large,175,16,58,249,Private,0,0,0,Active,Still Private,0.0,9.80185255,18.53827202,3.373303525,36.88256484,17.38440523,8.407624489,63.6,30.0,11,14.68184373,13.54395674,18.99474915,21.20937835,6.302380183,22.64351814,0,0,Average,0,0,0,1,0,1,0,20.58305035,Seed,17.82135865,1,Moderate Fit,17.66251955,0,Reject,17.60091301,0,Not Ready,6.160773407,53.27675625,5.128205128,82.07066878,3,Critical Risk,2.841823056,17.58,32.14285714,12.44,0.282352941,85.10638296,21.0,18.99,0,1.65,3,0.33,0,1.02,0,90.67,Not Ready,1,99.17,High Funding Required,0,97.78,Seed,0,0.0,Low Growth Potential,0,87.0,Reject,1,73.0,,1,92.57,High Risk,0,0.0,0.0
ST081,DeHaat,Agritech,2012,"Patna, India",4,Late Stage (Series E),Private,270.0,60.0,Series E,Dec-22,8,Series A to E,"Sofina, Temasek, Lightrock India, RTP Global",Temasek,800,2710.0,-125.0,16,1450,420000,16,5000000,4.4,85000,40000,22,Very Large,190,10,62,262,Private,0,0,0,Active,Still Private,0.0,8.432826522,19.94171275,5.202581137,32.31772334,20.06884705,9.2932079,68.44106464,30.0,14,19.24771872,11.97090639,20.8545579,20.2501436,6.137442393,23.37133892,0,0,Average,0,0,0,1,0,1,0,21.46991392,Seed,17.12053933,1,Moderate Fit,17.98455759,1,Watchlist,17.89981444,0,Not Ready,7.114289498,54.50259312,7.692307692,81.11188618,3,Critical Risk,2.770330652,17.29,28.57142857,12.38,1.0,93.61702126,20.01,19.24,0,1.16,3,0.24,0,2.66,0,83.67,Not Ready,1,99.27,High Funding Required,0,99.08,Seed,0,0.0,Low Growth Potential,0,72.67,Reject,1,76.0,,1,83.38,High Risk,0,0.33,0.0
ST082,AgroStar,Agritech,2013,"Pune, India",2,Late Stage (Series D),Private,150.0,70.0,Series D,Dec-21,7,Series A to D,"Evolvence, Schroders Capital, Hero Enterprise, Accel",Evolvence India,280,420.0,-110.0,22,850,650000,15,5000000,4.3,110000,40000,20,Very Large,145,8,50,203,Private,0,0,0,Active,Still Private,0.0,6.686630943,18.98467154,4.055075008,30.81772334,19.8136448,5.85824755,67.15686275,30.0,13,14.08807676,9.454850334,20.00077311,18.57321338,2.860943789,20.87727009,0,0,Weak,0,0,0,1,0,1,0,17.32701735,Seed,13.97930167,0,Poor Fit,16.32734403,0,Reject,16.41505317,0,Not Ready,1.0488677,54.64403583,15.38461538,81.72177251,3,Critical Risk,0.91152815,15.91,25.0,10.77,1.294117647,91.48936168,18.62,18.01,0,0.93,3,0.28,0,1.23,0,98.33,Not Ready,1,99.1,High Funding Required,0,99.36,Seed,0,0.0,Low Growth Potential,0,97.0,Reject,0,93.67,,1,99.73,High Risk,0,0.0,0.0
ST083,Moglix,B2B E-commerce / Procurement,2015,"Noida, India",1,Late Stage (Series F),Private,470.0,250.0,Series F,Jan-22,9,Series A to F,"Tiger Global, Alpha Wave Global, Ward Ferry, Peak XV",Tiger Global,2600,4750.0,-65.0,15,1300,3800000,22,1000000,4.0,16000,70000,15,Very Large,220,14,75,309,Private,0,0,0,Active,Still Private,0.0,11.86082479,22.41387048,7.048317473,42.19740634,19.04302191,11.88149535,66.4516129,30.0,11,17.77746664,17.33539847,21.96948625,25.94110188,12.0110646,27.41479192,0,0,Average,0,0,0,0,0,1,1,27.14737966,Pre-Series A,25.72777334,2,Good Fit,21.7631346,1,Watchlist,21.48291201,1,Early Preparation,12.51754734,55.06836398,6.41025641,78.94733287,3,Critical Risk,9.204647006,21.76,32.14285714,15.63,0.188235294,85.10638296,25.14,23.06,0,0.24,3,1.17,0,1.63,1,80.0,Nearly Ready,1,83.42,High Funding Required,1,94.0,Pre-Series A,0,0.0,Low Growth Potential,1,83.33,Watchlist,2,69.0,,0,0.04,Low Risk,0,0.0,0.0
ST084,Khatabook,FinTech / SaaS,2017,"Bengaluru, India",4,Late Stage (Series C),Private,111.0,100.0,Series C,Aug-21,4,Series A → B → C,"Tribe Capital, Moore Strategic, B Capital, Peak XV",Tribe Capital,600,280.0,-115.0,45,550,1400000,29,50000000,4.4,1100000,8000,10,Large,130,22,60,212,Private,0,0,0,Active,Still Private,0.0,4.337044204,26.63086299,15.28430506,7.179394813,31.93219546,5.828695267,50.70422535,30.0,9,8.822339001,6.344319477,27.16655116,15.26740263,2.608791201,20.2154216,0,0,Weak,0,0,0,1,0,1,0,19.6923855,Seed,13.08055194,0,Poor Fit,17.82313153,0,Reject,18.39201728,0,Not Ready,0.678055887,54.59688826,44.87179487,75.51205588,2,High Risk,2.055406613,15.63,14.28571429,13.22,12.94117647,93.61702126,14.45,19.68,0,0.42,2,0.79,0,1.29,0,84.67,Not Ready,1,88.29,High Funding Required,0,98.04,Seed,0,0.1,Low Growth Potential,0,85.33,Reject,0,86.33,,1,99.88,High Risk,0,0.0,0.0
ST085,Dukaan,SaaS / E-commerce Infrastructure,2020,"Bengaluru, India",2,Growth Stage (Series A),Private,14.0,11.0,Series A,Sep-21,3,Seed → Series A,"Matrix Partners India, Lightspeed India, 9Unicorns",Matrix Partners India,85,42.0,-65.0,70,180,950000,19,5000000,4.2,62000,5000,25,Medium,95,18,42,155,Private,0,0,0,Active,Still Private,0.0,2.321756291,35.05547928,3.66046825,16.91642651,19.4206145,2.724720485,49.35897436,30.0,6,4.330183435,3.67222558,35.03324471,11.08798687,0.889107509,19.88116735,0,0,Weak,0,0,0,0,0,0,0,23.27296805,Seed,19.54734186,1,Moderate Fit,18.4592823,1,Watchlist,20.7337935,1,Early Preparation,0.047675805,55.06836398,76.92307692,70.94396603,1,Moderate Risk,0.214477212,15.27,10.71428571,12.68,0.729411765,89.36170211,11.86,21.34,0,0.75,0,17.11,0,1.95,1,85.0,Nearly Ready,0,2.51,Low Funding Required,0,92.82,Seed,0,0.0,Low Growth Potential,1,82.67,Watchlist,1,89.0,,0,11.88,Low Risk,0,0.0,0.0
ST086,BrowserStack,SaaS / Enterprise Tech,2011,"Mumbai, India",2,Late Stage (Series B / PE),Private,250.0,200.0,Series B,Jun-21,3,Series A → Series B,"Bond Capital, Insight Partners, Accel",Bond Capital,4000,1210.0,-65.0,82,1150,7200000,48,0,0.0,0,15000,20,Large,260,8,95,363,Private,0,0,0,Active,Still Private,0.0,5.354659836,40.69222071,12.87615254,18.20965418,3.432449903,14.99532089,69.23076923,30.0,15,17.89917041,11.10427051,41.84462917,12.03510233,9.727272235,27.1274379,0,0,Average,0,0,0,0,0,0,1,37.01302661,Pre-Series A,30.12085261,2,Good Fit,25.16660304,2,Invest,27.2279672,2,Ready,3.141305787,55.06836398,92.30769231,65.5364007,0,Low Risk,14.20911528,20.65,10.71428571,18.64,0.0,0.0,12.67,25.9,0,0.59,0,2.83,0,2.49,2,90.33,Ready,0,9.96,Low Funding Required,1,99.39,Pre-Series A,0,0.0,Low Growth Potential,2,65.0,Invest,2,94.33,,0,0.0,Low Risk,0,0.33,0.0
ST087,Snapdeal,E-commerce,2010,"New Delhi, India",2,Late Stage (Pre-IPO Market),Private,1800.0,,Working Capital,Continuous,13,Series A to G → DRHP Withdrawn,"SoftBank, Foxconn, Alibaba Group, BlackRock",SoftBank,250,380.0,-152.0,30,600,11000000,41,100000000,4.0,1800000,85000,8,Very Large,150,45,110,305,Private,0,0,0,Active,Still Private,0.0,25.48571429,21.57979688,32.82906267,44.51224784,46.53129599,9.953701423,34.31372549,30.0,16,16.56685009,25.09768903,22.15496703,48.08213509,8.475599457,36.39684539,1,0,Good,0,0,0,0,1,1,1,39.00918609,Pre-Series A,37.17853168,2,Good Fit,30.4123581,3,Strong Invest,27.86074915,2,Ready,0.942921467,54.24799623,25.64102564,73.24266932,1,Moderate Risk,0.804289544,33.9,46.42857143,25.38,21.17647059,85.10638296,41.43,33.63,0,2.61,1,93.37,0,3.25,2,77.67,Ready,1,93.33,High Funding Required,1,96.66,Pre-Series A,1,99.9,High Growth Potential,3,70.0,Strong Invest,3,46.67,,0,0.0,Low Risk,0,8.67,0.924
ST088,Chargebee,SaaS / Enterprise Tech,2011,"Chennai, India",4,Late Stage (Series H),Private,470.0,250.0,Series H,Jan-22,8,Series A to H,"Tiger Global, Peak XV, Insight Partners, Sapphire",Tiger Global,3500,1410.0,-25.0,78,1250,1900000,26,0,0.0,0,12000,24,Large,180,12,70,262,Private,0,0,0,Active,Still Private,0.0,11.14653908,39.5461341,6.355392701,19.69668588,0.862960569,9.040043343,63.878327,30.0,15,18.38819259,17.47367592,40.77750651,11.23888994,10.74936476,27.0390674,0,0,Average,0,0,0,0,0,0,1,42.72935847,Pre-Series A,33.00895234,2,Good Fit,24.60854284,2,Invest,27.16365425,2,Ready,3.671036949,55.44554455,87.17948718,65.83055326,0,Low Risk,12.42180518,19.23,28.57142857,20.65,0.0,0.0,11.87,24.34,0,0.47,0,2.21,0,3.77,2,76.67,Ready,0,1.1,Low Funding Required,1,99.25,Pre-Series A,0,0.0,Low Growth Potential,2,78.67,Invest,2,93.33,,0,0.0,Low Risk,0,0.0,0.0
ST089,Hasura,SaaS / Developer Tools,2017,"Bengaluru, India",2,Late Stage (Series C),Private,140.0,100.0,Series C,Feb-22,5,Seed → Series A to C,"Greenoaks Capital, Lightspeed, Nexus Venture Partners",Greenoaks Capital,1000,180.0,-65.0,85,250,850000,18,0,0.0,0,4000,35,Medium,115,5,48,168,Private,0,0,0,Active,Still Private,0.0,5.312329918,40.3517568,2.564757856,23.91210375,0.353910795,3.736886174,65.0887574,30.0,9,7.884667097,8.221458299,40.38585578,9.662480664,3.539379987,23.04400124,0,0,Average,0,0,0,0,0,0,1,32.63804893,Pre-Series A,28.06055861,2,Good Fit,22.00731794,1,Watchlist,24.88972619,2,Ready,0.413190306,55.06836398,96.15384615,66.63928016,0,Low Risk,3.485254692,17.91,17.85714286,16.14,0.0,0.0,10.98,23.84,0,0.46,0,4.68,0,1.79,2,72.33,Ready,0,4.73,Low Funding Required,1,98.02,Pre-Series A,0,0.0,Low Growth Potential,1,76.67,Watchlist,2,75.33,,0,0.0,Low Risk,0,0.0,0.0
ST090,InMobi,AdTech,2007,"Bengaluru, India",4,Late Stage (Pre-IPO / Private Equity),Private,320.0,,Late Stage / Pre-IPO,2024 / 2025,7,Early Rounds → SoftBank → Pre-IPO,"SoftBank, Taranis Investment, Kleiner Perkins",SoftBank,3000,3890.0,-65.0,55,1600,2100000,25,0,0.0,0,90000,12,Very Large,290,16,115,421,Private,0,0,0,Active,Still Private,0.0,7.88,35.03461933,6.94692564,50.03386167,0.959922431,18.0116239,64.92890995,30.0,19,26.27012941,14.06423742,35.60004314,23.39623397,10.83542213,31.40439766,0,0,Average,0,0,0,0,0,1,1,36.52658273,Pre-Series A,36.36024307,2,Good Fit,26.9204345,2,Invest,27.87737572,2,Ready,10.23970335,55.06836398,57.69230769,70.38546378,1,Moderate Risk,10.63449508,25.79,25.0,17.49,0.0,0.0,23.8,28.94,0,0.36,1,63.13,0,5.11,2,86.33,Ready,1,84.59,High Funding Required,1,99.46,Pre-Series A,0,0.0,Low Growth Potential,2,88.67,Invest,2,91.67,,0,0.0,Low Risk,0,1.33,0.003
ST091,Dream11,GamingTech,2008,"Mumbai, India",2,Late Stage (Series G / Private Equity),Private,1600.0,840.0,Series G,Nov-21,9,Series A to G,"Falcon Edge, Tiger Global, TPG Growth, D1 Capital",Falcon Edge Capital,8000,4380.0,145.0,32,1100,24000000,85,100000000,4.5,2500000,14000,25,Large,640,85,230,955,Private,0,0,0,Active,Still Private,0.0,24.86814274,28.11567459,48.5219486,21.45533141,56.60853539,47.65059351,58.05439331,30.0,18,24.33118596,32.93747221,27.4974806,46.75554308,25.30400173,43.86541454,1,1,Good,0,0,0,0,1,0,1,48.76689138,Pre-Series A,42.29180565,3,Excellent Fit,36.12978031,3,Strong Invest,32.9262761,3,Highly Ready,11.5375447,57.048562,28.2051282,67.8330486,0,Low Risk,28.50759607,36.15,32.14285714,31.35,29.41176471,95.74468083,39.61,35.98,0,1.1,0,4.69,0,6.7,3,95.33,Highly Ready,0,19.97,Low Funding Required,1,93.49,Pre-Series A,1,100.0,High Growth Potential,3,96.0,Strong Invest,3,95.33,,0,0.0,Low Risk,1,64.67,1.0
ST092,MakeMyTrip,TravelTech,2000,"Gurugram, India",1,Public (NASDAQ),Public,550.0,,Public (NASDAQ),Listed globally,8,International Private Rounds → NASDAQ Public Listing,"Public Shareholders, Ctrip, SAIF Partners",Public Markets,8500,6420.0,1120.0,54,3800,38000000,78,50000000,4.4,1300000,28000,16,Very Large,580,32,190,802,IPO,2010,450,0,Public,NASDAQ IPO Listing,10.0,4.95,40.15434254,50.25148321,21.76585014,50.14680438,40.17829877,68.24408468,18.55,26,42.54868143,15.14459439,43.44694135,39.86418811,21.77751041,43.82099271,1,0,Good,1,1,0,0,1,1,1,44.58242055,Pre-Series A,42.00913045,3,Excellent Fit,37.82938164,3,Strong Invest,35.85329955,3,Highly Ready,16.94080254,66.24233852,56.41025641,62.49474518,0,Low Risk,30.29490617,37.13,28.57142857,25.18,15.29411765,93.61702126,35.58,40.4,0,33.99,0,0.38,1,96.63,3,98.0,Highly Ready,1,89.33,High Funding Required,1,95.63,Pre-Series A,1,100.0,High Growth Potential,3,99.67,Strong Invest,3,95.67,,0,0.0,Low Risk,0,18.33,1.0
ST093,Goibibo,TravelTech,2007,"Gurugram, India",1,Late Stage (Acquired by MakeMyTrip),Acquired,,,M&A (By MakeMyTrip),Fully Integrated,8,Merged directly with MakeMyTrip in an all-stock deal,MakeMyTrip Parent Group,MakeMyTrip Ltd,1400,2140.0,-65.0,48,850,14000000,46,50000000,4.3,920000,28000,14,Very Large,210,15,85,310,Acquisition,2016,720,MakeMyTrip,Acquired,Strategic M&A consolidation,9.0,0.0,27.49989285,25.83069909,20.26585014,37.19173142,11.66724129,62.70096463,20.43,19,20.07195669,0.0,28.73834017,24.94711907,0.0,25.00809552,0,0,Average,1,0,1,1,0,0,0,17.68265335,Seed,15.86592537,0,Poor Fit,21.8185613,1,Watchlist,21.02464067,1,Early Preparation,5.604555688,55.06836398,48.71794872,74.03754019,2,High Risk,4.91510277,22.48,28.57142857,12.25,10.82352941,91.48936168,23.06,26.01,1,98.28,2,0.63,1,91.38,1,80.33,Nearly Ready,1,90.36,High Funding Required,0,98.22,Seed,0,22.85,Low Growth Potential,1,79.33,Watchlist,0,76.0,,1,88.95,High Risk,0,0.33,0.0
ST094,Yatra,TravelTech,2006,"Gurugram, India",3,Public (NSE/BSE / NASDAQ),Public,140.0,,Public (BSE/NSE),Listed 2023,6,Private Rounds → NASDAQ → Dual Indian IPO,"Public Shareholders, Network18, Reliance Retail",Public Markets,180,415.0,4.0,40,1200,6500000,32,10000000,4.1,180000,28000,12,Very Large,165,18,72,255,IPO,2016,218,0,Public,NASDAQ / Indian IPO (2023),10.0,5.545714286,25.32941067,11.87601717,18.76585014,22.96342131,8.387922967,57.421875,18.00866667,20,22.55320795,7.905842422,26.9951093,16.94173597,2.332469373,22.02623479,0,0,Average,1,1,0,0,0,1,0,23.63877678,Seed,16.12598537,1,Moderate Fit,18.70961657,1,Watchlist,19.17315408,1,Early Preparation,1.035624421,55.71900047,38.46153846,76.4471104,2,High Risk,0.55406613,17.06,21.42857143,13.19,2.117647059,87.23404253,16.48,20.47,0,5.34,2,0.4,1,88.76,1,58.67,Nearly Ready,1,98.76,High Funding Required,0,98.83,Seed,0,0.0,Low Growth Potential,1,70.0,Watchlist,0,49.67,,0,20.99,Low Risk,0,0.0,0.0
ST095,TBO.com,TravelTech,2006,"Gurugram, India",2,Public (NSE/BSE),Public,110.0,,Public (IPO),May-24,4,Private Equity Round → Successful IPO Listing,"Public Shareholders, General Atlantic, Affirma Capital",Public Markets,1400,1590.0,215.0,45,1400,1800000,15,500000,4.2,9000,45000,18,Very Large,140,10,55,205,IPO,2024,850,0,Public,IPO Listing,18.0,3.847142857,28.98697838,4.822163356,31.83933718,18.80799653,5.809486283,63.10679612,9.483333333,20,24.351814,7.190094778,30.40032408,18.18624569,4.92908217,23.38459202,0,0,Average,1,1,0,0,0,1,1,25.66020659,Pre-Series A,21.89103922,1,Moderate Fit,19.91045669,1,Watchlist,21.01054579,1,Early Preparation,4.147794994,57.70862801,44.87179487,74.97399219,2,High Risk,4.91510277,18.58,14.28571429,12.51,0.105882353,89.36170211,18.6,22.69,0,5.74,2,2.85,1,87.9,1,84.33,Nearly Ready,1,87.71,High Funding Required,0,85.39,Seed,0,0.0,Low Growth Potential,1,86.0,Watchlist,1,82.67,,0,0.07,Low Risk,0,0.0,0.0
ST096,ixigo,TravelTech,2007,"Gurugram, India",2,Public (NSE/BSE),Public,105.0,,Public (IPO),Jun-24,7,Seed → Series A to C → Public Listing,"Public Shareholders, Elevation Capital, Peak XV, InnoVen",Public Markets,720,715.0,78.0,38,750,28000000,62,50000000,4.5,1600000,22000,20,Very Large,390,22,118,530,IPO,2024,520,0,Public,IPO Listing,18.0,5.945,25.18419528,36.26103745,21.73991354,46.43012557,24.7845146,69.30320151,8.713333333,19,20.5517267,9.633688182,25.85928255,33.78256975,3.656048411,29.59380878,0,0,Average,1,1,0,0,1,1,0,23.55039903,Seed,22.29950363,1,Moderate Fit,25.89247158,2,Invest,23.96717081,2,Ready,1.830221163,56.41678454,35.8974359,74.10139016,2,High Risk,2.484361037,27.59,25.0,17.25,18.82352941,95.74468083,30.15,29.22,0,14.18,2,0.76,1,92.5,2,79.33,Ready,1,99.74,High Funding Required,0,92.18,Seed,1,99.9,High Growth Potential,2,81.0,Invest,1,35.33,,0,0.0,Low Risk,0,2.33,0.0
ST097,EaseMyTrip,TravelTech,2008,"New Delhi, India",3,Public (NSE/BSE),Public,,,Public (IPO),Mar-21,0,Bootstrapped completely up to Public Listing,"Public Shareholders, Founders (Pitti brothers)",Public Markets,910,610.0,155.0,42,650,16000000,58,10000000,4.5,310000,28000,16,Very Large,310,55,125,490,IPO,2021,280,0,Public,IPO Listing,13.0,0.0,26.55408007,20.61470695,21.76585014,29.57711975,21.20277791,51.93482688,14.40333333,18,19.09186093,1.3,27.09991089,21.61431483,2.109396093,22.87077565,0,0,Average,1,1,0,1,0,1,0,16.83340025,Seed,14.81496536,0,Poor Fit,20.23302742,1,Watchlist,19.87437082,1,Early Preparation,1.552112303,57.14285714,41.02564103,75.78810584,2,High Risk,3.163538874,20.58,0.0,11.44,3.647058824,95.74468083,20.62,23.81,0,9.23,2,0.37,1,90.98,1,53.33,Nearly Ready,1,98.54,High Funding Required,0,98.34,Seed,0,0.0,Low Growth Potential,1,64.67,Watchlist,0,78.33,,1,99.17,High Risk,0,0.0,0.0
