Startup_ID,Startup_Name,sector,founded_year,headquarters,founder_count,funding_stage,current_status,Total_Funding_Raised,Latest_Funding_Amount,Latest_Funding_Round,Latest_Funding_Date,Number_of_Funding_Rounds,Funding_Timeline,Investors_List,Last_Funding_Lead_Investor,Valuation,Revenue,Profit_or_Loss,Gross_Margin,Employee_Count,Monthly_Visits,Google_Trends_Score,App_Downloads,App_Rating,App_Reviews_Count,TAM,TAM_Growth_Rate,Market_Size_Category,Positive_News_Count,Negative_News_Count,Neutral_News_Count,Total_News_Count,Historical_Exit_Type,Exit_Year,Exit_Valuation_USD_Million,Acquirer_Name,Exit_Status,Exit_Reason,Years_to_Exit,Funding_Score,Financial_Health_Score,Growth_Score,Market_Opportunity_Score,Popularity_Score,Media_Buzz_Score,Sentiment_Score,Exit_Score,Startup_Age,Startup_Maturity_Score,Investor_Confidence_Score,Operational_Strength_Score,Competitive_Strength_Score,Valuation_Score,Overall_Startup_Score,Success_Prediction,Success_Probability,Unicorn_Prediction,Unicorn_Probability,Risk_Score,Risk_Prediction,Risk_Probability,Growth_Prediction,Growth_Probability,IPO_Prediction,IPO_Probability,Acquisition_Prediction,Acquisition_Probability,Exit_Prediction,Exit_Probability,Portfolio_Fit_Prediction,Portfolio_Fit_Probability,Portfolio_Fit_Class_0_Probability,Portfolio_Fit_Class_1_Probability,Portfolio_Fit_Class_2_Probability,Portfolio_Fit_Class_3_Probability,Investment_Recommendation_Prediction,Investment_Recommendation_Probability,Investment_Recommendation_Class_0_Probability,Investment_Recommendation_Class_1_Probability,Investment_Recommendation_Class_2_Probability,Investment_Recommendation_Class_3_Probability,Funding_Stage_Prediction,Funding_Stage_Name,Funding_Stage_Probability,Funding_Stage_Seed_Probability,Funding_Stage_Pre-Series A_Probability,Funding_Stage_Series A_Probability,Funding_Stage_Series B+_Probability,Funding_Requirement_Prediction,Funding_Requirement_Probability,Funding_Requirement_Class_0_Probability,Funding_Requirement_Class_1_Probability,Funding_Readiness_Prediction,Funding_Readiness_Name,Funding_Readiness_Probability,Funding_Readiness_Not Ready_Probability,Funding_Readiness_Early Preparation_Probability,Funding_Readiness_Ready_Probability,Funding_Readiness_Highly Ready_Probability,Competitive_Survival_Probability,Follow_On_Funding_Probability,Market_Leadership_Probability,Valuation_Growth_Prediction
ST101,CarTrade,Car Selling Platform / AutoTech,2009,"Mumbai, India",3,Public (NSE/BSE),Public,307.0,2000.0,IPO,Aug-21,10.0,Series A → B → C → D → E → IPO,"Warburg Pincus, Temasek, Tiger Global, March Capital",Public Issue / Market Cap,3.0,562.0,38.0,68.0,1200.0,18000000.0,62,10000000.0,4.3,180000.0,32000.0,16.0,Very Large,248,15,115,378,IPO,2021,950,Public Issue / NSE,Public,Listed on Public Stock Exchange,12,43.32740297915314,51.26754997970368,43.27859237536656,49.69111969111968,35.81428571428572,64.53435569755057,61.47757255936676,39.25,17,45.52730414746543,43.21360394727276,54.85182417325206,52.0511083836102,18.568689228538343,55.07016054064072,1,100.0,1,82.33,0,0,0.0,1,99.97,1,59.63,0,1.86,1,62.33,1,34.67,32.67,34.67,18.33,14.33,1,30.33,27.33,30.33,28.67,13.67,2,Series A,51.34,38.57,6.75,51.34,3.34,0,89.52,89.52,10.48,1,Early Preparation,33.33,26.0,33.33,25.33,15.33,50.86,46.03,46.27,48.05
ST102,Droom,Car Selling Platform / AutoTech,2014,"Gurugram, India",1,Late Stage (Series F),Private,341.0,20.0,Series F,Jul-21,9.0,Seed → Series A → B → C → D → E → F,"Lightbox, Beenext, Integrated Asset Management, Digital Garage",57 Stars,1200.0,280.0,-135.0,22.0,850.0,8500000.0,48,10000000.0,4.1,210000.0,32000.0,16.0,Very Large,106,15,43,164,Private,0,0,0,Active,Still Private,0,27.938982363124865,26.88667038765984,25.96370967741935,49.69111969111968,20.807142857142857,10.977465388711392,55.15151515151515,30.0,12,27.90092165898617,46.21325583795489,29.97538006507919,38.0607361716628,28.819863213095086,38.10098432570239,1,100.0,0,24.67,0,0,0.0,0,0.0,0,3.78,0,0.55,0,4.43,0,34.67,34.67,33.67,19.0,12.67,0,33.33,33.33,32.33,22.0,12.33,2,Series A,63.08,25.08,10.13,63.08,1.71,0,98.57,98.57,1.43,0,Not Ready,35.67,35.67,34.33,18.33,11.67,33.0,32.2,37.36,34.93
ST103,Park+,AutoTech / Car Services,2019,"Gurugram, India",2,Late Stage (Series C),Private,54.0,17.0,Series C,Dec-22,5.0,Seed → Series A → B → C,"Peak XV, Matrix Partners India, Epiq Capital, Union Square",Epiq Capital,340.0,140.0,-85.0,35.0,950.0,4200000.0,54,10000000.0,4.5,280000.0,12000.0,20.0,Large,169,11,78,258,Private,0,0,0,Active,Still Private,0,10.48709334198947,30.358800994519992,22.597507331378296,20.42471042471042,26.6,34.56247071352502,61.003861003861005,30.0,7,16.404377880184335,18.750290210098868,34.967671962261925,18.803778966028343,9.520978438382768,26.59363840868803,0,0.03,0,0.67,0,0,0.0,0,0.0,0,5.6,0,0.52,0,4.17,1,44.0,39.0,44.0,14.67,2.33,1,42.67,39.0,42.67,15.67,2.67,1,Pre-Series A,63.21,34.98,63.21,1.03,0.78,0,99.79,99.79,0.21,0,Not Ready,42.0,42.0,39.33,17.67,1.0,25.66,20.79,21.21,23.38
ST104,OTO Capital,AutoTech / Vehicle Financing,2018,"Bengaluru, India",2,Growth Stage (Series A),Private,18.0,10.0,Series A,Feb-24,4.0,Seed → Pre-Series A → Series A,"Matrix Partners India, Prime Venture Partners, Venture Catalysts",Stride Ventures,75.0,45.0,-28.0,28.0,320.0,850000.0,38,1000000.0,4.4,35000.0,15000.0,22.0,Large,169,25,40,234,Private,0,0,0,Active,Still Private,0,7.417407848229099,26.93409719403288,8.009127565982405,30.386100386100384,16.410714285714302,30.082470713525023,61.27659574468085,30.0,8,11.262960829493087,12.087663896331838,28.07220203274256,15.380118624528674,3.794138320714939,22.082557375595428,0,0.0,0,0.0,0,0,0.03,0,0.0,0,0.64,0,0.27,0,1.55,1,49.0,41.0,49.0,7.33,2.67,0,54.33,54.33,35.33,8.33,2.0,0,Seed,75.79,75.79,22.79,0.78,0.64,0,84.27,84.27,15.73,0,Not Ready,48.33,48.33,40.0,11.67,0.0,21.2,14.64,18.23,18.79
ST105,GoMechanic,AutoTech / Auto Services,2016,"Gurugram, India",4,Late Stage (Series C),Acquired,62.0,250.0,Series C,Mar-23,6.0,Seed → Series A → B → C,"Peak XV, Tiger Global, Chiratae Ventures, Orios Venture",Lifelong Group (Acquirer),30.0,210.0,-42.0,18.0,600.0,2100000.0,42,5000000.0,4.2,120000.0,18000.0,14.0,Large,77,228,52,357,Acquired,2023,30,Lifelong Group / Servizzy,Acquired,Distressed Acquisition following Governance Audit,7,14.218529539060809,25.481371777958188,13.48717008797654,18.91891891891892,14.435714285714289,44.2245793397231,-42.17877094972067,17.05,10,20.320852534562206,19.05312986820788,27.39467822957109,13.382324369087268,6.76002081645688,17.687839493275053,0,0.01,0,3.0,1,1,100.0,0,0.0,1,95.48,0,6.56,1,87.88,0,45.67,45.67,38.0,13.0,3.33,0,46.67,46.67,30.0,19.0,4.33,0,Seed,82.9,82.9,12.13,3.47,1.5,0,82.58,82.58,17.42,0,Not Ready,42.0,42.0,35.0,20.0,3.0,19.78,18.89,15.79,18.21
ST106,Kuwy,AutoTech / Auto Fintech,2017,"Chennai, India",2,Growth Stage (Series A),Acquired,12.0,5.0,Series A,Aug-21,3.0,Seed → Series A → Corporate Acq,"Volkswagen Finance India, Nordea Finance",Volkswagen Finance,45.0,65.0,4.0,32.0,220.0,450000.0,28,1000000.0,4.2,15000.0,15000.0,22.0,Large,78,10,48,136,Acquired,2021,45,Volkswagen Finance India,Acquired,Strategic Majority Stake Acquisition by Automotive OEM,4,5.487870590781217,29.20722232088492,4.591239002932551,30.386100386100384,10.867857142857144,3.0670926517571884,49.63503649635037,23.575000000000003,9,12.688076036866358,8.887389783773681,29.57516586927202,12.37977565705657,2.9501287154162514,18.173830441703537,0,0.0,0,0.0,0,0,0.44,0,0.0,0,7.84,0,21.69,1,69.87,0,45.0,45.0,44.33,7.67,3.0,0,56.67,56.67,31.33,9.33,2.67,0,Seed,97.9,97.9,1.44,0.38,0.28,0,94.09,94.09,5.91,0,Not Ready,50.67,50.67,35.33,12.0,2.0,20.66,13.36,15.65,17.52
ST107,Fixcraft,AutoTech / Auto Services,2018,"Gurugram, India",2,Growth Stage (Series A),Private,5.0,1.2,Pre-Series A,Mar-23,3.0,Seed → Angel → Pre-Series A,"IPV, Mango Accelerator, Angel Investors",Inflection Point Ventures,20.0,22.0,-8.0,25.0,180.0,320000.0,25,500000.0,4.3,12000.0,18000.0,14.0,Large,104,24,73,201,Private,0,0,0,Active,Still Private,0,5.196588941787493,25.68472828293079,3.338856304985337,18.91891891891892,13.061428571428571,17.69243876464324,39.6039603960396,30.0,8,9.620622119815666,8.415039549320788,26.063357315188856,6.8431569254727735,2.090240362895688,15.809687944990053,0,0.0,0,0.33,1,1,99.93,0,0.0,0,0.52,0,0.34,0,1.11,1,45.0,44.67,45.0,7.0,3.33,0,62.33,62.33,28.67,7.0,2.0,0,Seed,96.84,96.84,2.14,0.66,0.35,1,88.73,11.27,88.73,0,Not Ready,55.0,55.0,32.67,12.33,0.0,16.08,11.91,10.85,13.09
ST108,Cardekho Gaadi,Car Selling Platform / AutoTech,2019,"Jaipur, India",2,Growth Stage (Backed by Parent),Subsidiary,,,Corporate Internal,Jan-19,,Parent Capital Infusion,CarDekho Group (Girnar Software),CarDekho (Parent),,320.0,-45.0,20.0,1100.0,12000000.0,58,10000000.0,4.3,190000.0,32000.0,16.0,Very Large,78,25,47,150,Subsidiary,2019,0,CarDekho Group (Girnar Software),Subsidiary,Built as Internal Vertical under CarDekho,0,0.0,27.929774710777348,34.22434017595308,49.69111969111968,29.442857142857143,5.680425985090521,35.099337748344375,30.0,7,20.105990783410142,0.0,32.38138761400315,34.27183635166958,3.0,27.149446689020458,0,0.21,0,2.33,1,1,65.33,0,0.01,0,0.42,0,0.57,0,2.9,0,43.33,43.33,40.67,11.0,5.0,0,42.67,42.67,36.0,17.33,4.0,0,Seed,97.0,97.0,2.31,0.4,0.28,0,76.41,76.41,23.59,0,Not Ready,41.67,41.67,39.0,15.67,3.67,33.84,13.96,34.74,32.55
ST109,Kuku FM,Audio / MediaTech,2018,"Mumbai, India",3,Late Stage (Series C),Private,72.0,25.0,Series C,Sep-23,5.0,Seed → Series A → B → C,"BGV, Vertex Ventures, Elevation Capital, Paramark Ventures",FundersClub / BGV,250.0,88.0,-115.0,65.0,480.0,6500000.0,72,50000000.0,4.4,1100000.0,8000.0,24.0,Medium,359,28,108,495,Private,0,0,0,Active,Still Private,0,11.222686287239414,40.68898416886543,38.53115835777125,21.428571428571423,43.25000000000002,97.01333333333334,66.73387096774194,30.0,8,13.34884792626728,18.141569302509136,42.59059707209124,28.68889735878219,7.935000337529079,35.981157376333286,1,99.91,0,18.33,0,0,0.0,1,100.0,0,16.05,0,2.03,0,12.76,1,44.33,34.33,44.33,15.33,6.0,0,32.67,32.67,32.67,26.67,8.0,0,Seed,52.76,52.76,41.7,4.16,1.38,0,70.76,70.76,29.24,1,Early Preparation,39.33,34.0,39.33,21.67,5.0,35.22,26.08,29.61,32.23
ST110,Pocket FM,Audio / MediaTech,2018,"Bengaluru, India",3,Late Stage (Series D),Private,196.0,103.0,Series D,Mar-24,6.0,Seed → Series A → B → C → D,"Lightspeed, StepStone Group, Tanglin Venture Partners",Lightspeed Venture Partners,750.0,650.0,-180.0,70.0,820.0,15000000.0,81,100000000.0,4.5,2200000.0,12000.0,28.0,Large,334,33,115,482,Private,0,0,0,Active,Still Private,0,18.13013417009305,50.53579130302415,68.39516129032258,37.567567567567565,76.14285714285714,92.19050053248137,62.31884057971014,30.0,8,23.66417050691244,29.91719334184945,51.11845259334673,56.13629946966914,22.669993729748256,52.56347858719882,1,100.0,1,85.67,0,0,0.0,1,100.0,0,11.49,0,1.22,0,11.57,1,36.67,31.33,36.67,16.67,15.33,1,29.67,26.67,29.67,29.33,14.33,0,Seed,60.82,60.82,18.26,14.65,6.27,1,61.49,38.51,61.49,1,Early Preparation,32.67,27.67,32.67,21.0,18.67,53.71,38.4,53.4,52.11
ST111,Yulu,CleanTech / Mobility,2017,"Bengaluru, India",4,Late Stage (Series B),Private,124.0,19.2,Series B Ext,Feb-24,8.0,Seed → Series A → B → B Ext,"Magna International, Bajaj Auto, Wavemaker Partners",Magna International,220.0,123.0,-95.0,28.0,650.0,1800000.0,52,10000000.0,4.3,150000.0,10000.0,25.0,Medium,178,35,35,248,Private,0,0,0,Active,Still Private,0,18.12875640193321,27.268942180840263,17.207478005865102,27.35521235521235,18.285714285714285,33.55842385516507,57.42971887550201,30.0,9,17.574366359447,27.014389513750416,30.04857927761445,20.76690982398296,9.934829560796777,27.633715681744032,0,0.08,0,6.0,0,0,0.0,0,0.0,0,5.52,0,0.39,0,2.45,1,41.67,35.67,41.67,18.0,4.67,0,39.33,39.33,38.0,18.67,4.0,1,Pre-Series A,65.53,31.44,65.53,2.09,0.94,0,99.64,99.64,0.36,0,Not Ready,41.67,41.67,38.0,17.33,3.0,24.37,23.23,22.28,23.41
ST112,ShareChat,Social Media / Content,2015,"Bengaluru, India",3,Late Stage (Series H),Private,1200.0,49.0,Series H / Debt,Apr-24,12.0,Seed → Series A → B → C → D → E → F → G → H,"Lightspeed, Temasek, Google, Tiger Global, Moore Strategic","Lightspeed, Temasek",1500.0,540.0,-920.0,42.0,1400.0,28000000.0,78,100000000.0,4.2,3500000.0,20000.0,18.0,Large,277,55,179,511,Private,0,0,0,Active,Still Private,0,65.37113178965592,28.28527755226304,87.70527859237535,31.274131274131268,89.99999999999999,92.1405750798722,43.359375,30.0,11,34.33064516129032,77.64705882352942,33.297374326456584,77.27272727272727,47.12132352941177,65.84603669450212,1,100.0,1,94.0,0,0,0.0,1,100.0,0,8.65,0,1.42,0,26.63,1,33.67,31.67,33.67,18.33,16.33,1,29.33,28.0,29.33,28.33,14.33,0,Seed,43.56,43.56,3.95,39.39,13.1,1,65.03,34.97,65.03,1,Early Preparation,33.0,26.67,33.0,21.33,19.0,53.2,61.17,67.51,59.24
ST113,CleverTap,SaaS / MarTech,2013,"Mumbai, India",3,Late Stage (Series D),Private,182.0,105.0,Series D,Aug-22,6.0,Seed → Series A → B → C → D,"CDPQ, Tiger Global, Peak XV, Accel",CDPQ,775.0,380.0,-62.0,72.0,750.0,1200000.0,45,2.0,4.6,5000.0,25000.0,20.0,Very Large,129,18,52,199,Private,0,0,0,Active,Still Private,0,17.62028240640554,48.6430003044449,12.511730805278592,45.01930501930501,21.31428631428572,19.715271565495208,55.50000000000001,30.0,13,30.32603686635944,29.899337339543862,50.46154869154167,28.1711033425984,20.35040396388958,36.73416511816056,1,100.0,0,12.0,0,0,0.0,0,0.0,0,45.9,0,0.36,0,18.79,1,38.33,32.67,38.33,18.33,10.67,0,37.0,37.0,30.67,23.0,9.33,1,Pre-Series A,49.44,31.05,49.44,18.06,1.46,0,99.44,99.44,0.56,0,Not Ready,37.33,37.33,35.0,21.33,6.33,37.08,29.41,29.24,32.22
ST114,Cult.fit,HealthTech / Fitness,2016,"Bengaluru, India",2,Late Stage (Series F),Private,670.0,10.2,Series F Ext,Feb-24,11.0,Series A → B → C → D → E → F,"Zomato, Temasek, Kalaari Capital, Tata Digital, Chiratae",Valecha Investments,1500.0,690.0,-325.0,38.0,1800.0,5800000.0,68,10000000.0,4.6,450000.0,15000.0,18.0,Large,199,58,133,390,Private,0,0,0,Active,Still Private,0,43.53558933852702,36.940170235437385,33.26319648093842,21.81467181467181,31.785714285714285,62.07787007454738,36.0613810741688,30.0,10,37.93375576036866,62.61942265650964,43.59541217092126,34.39191793762097,41.84708877923521,45.42089524720614,1,100.0,0,46.0,0,0,0.0,0,9.67,1,64.25,0,0.52,0,33.02,1,34.67,31.33,34.67,18.67,15.33,1,30.67,29.33,30.67,27.67,12.33,2,Series A,67.47,22.81,7.3,67.47,2.42,0,97.13,97.13,2.87,1,Early Preparation,32.67,29.0,32.67,26.67,11.67,35.44,45.45,32.82,35.33
ST115,Acko Drive,Car Selling Platform / AutoTech,2019,"Bengaluru, India",2,Growth Stage (Backed by Parent),Subsidiary,,,Corporate Internal,Jan-19,,Parent Capital Infusion,ACKO General Insurance (Parent),ACKO (Parent),,85.0,-30.0,24.0,280.0,1500000.0,42,1000000.0,4.2,25000.0,32000.0,16.0,Very Large,88,10,59,157,Subsidiary,2019,0,ACKO General Insurance,Subsidiary,Internal Auto Insurance / Purchase Vertical,0,0.0,25.99425043129694,9.47265395894428,49.69111969111968,12.05,7.945559105431308,49.36708860759494,30.0,7,9.233006912442397,0.0,26.624290753877577,21.91158706527313,0.796875,20.787755631271608,0,0.0,0,0.33,1,1,99.27,0,0.0,0,0.52,0,0.45,0,1.38,0,45.67,45.67,44.33,6.67,3.33,0,57.0,57.0,34.0,7.67,1.33,0,Seed,98.25,98.25,1.13,0.38,0.24,1,96.11,3.89,96.11,0,Not Ready,51.67,51.67,35.67,11.33,1.33,24.79,9.28,24.09,22.6
ST116,Dunzo,Quick Commerce,2014,"Bengaluru, India",4,Late Stage (Series E),Private,497.0,50.0,Series E,Apr-23,11.0,Seed → Series A → B → C → D → E,"Reliance Retail, Google, Lightbox, Blume Ventures",Reliance Retail,200.0,180.0,-1200.0,10.0,450.0,2200000.0,48,50000000.0,4.1,850000.0,22000.0,24.0,Large,46,211,104,361,Private,0,0,0,Active,Late Stage Restructuring / Insolvency,0,37.3495392411455,6.658653846153846,27.508064516129032,47.91505791505792,29.714285714285715,42.00000000000001,-45.58011049723757,30.0,12,22.779953917050687,43.54011731082794,7.791718362282879,42.60875799644599,16.05559787110024,31.286283058446013,1,99.96,0,33.67,1,1,100.0,0,0.0,0,2.51,0,1.6,0,3.16,1,38.33,35.67,38.33,16.33,9.67,0,37.0,37.0,28.33,24.0,10.67,0,Seed,67.51,67.51,5.21,25.22,2.06,1,80.87,19.13,80.87,1,Early Preparation,38.0,34.0,38.0,21.33,6.67,24.92,28.33,39.34,30.3
ST117,Milkbasket,Quick Commerce,2015,"Gurugram, India",4,Late Stage (Series B),Acquired,33.0,120.0,Series B,Aug-21,7.0,Seed → Series A → B,"Reliance Retail, Kalaari Capital, Unilever Ventures",Reliance Retail (Acquirer),40.0,350.0,8.0,22.0,800.0,3100000.0,52,10000000.0,4.3,320000.0,22000.0,24.0,Large,134,29,56,219,Acquired,2021,40,Reliance Retail,Acquired,Strategic Buyout to power JioMart Grocery,6,13.813060845415851,29.866963923279883,19.80021994134897,47.91505791505792,20.65,23.9278381256656,47.72727272727273,19.4,11,26.149193548387096,20.589340993945243,32.19559295553795,30.74211180819998,8.095528340109878,29.83074021152896,0,41.94,0,1.33,0,0,0.0,0,0.0,1,94.82,0,6.83,1,88.51,1,39.33,38.33,39.33,17.0,5.33,1,34.67,34.33,34.67,24.0,7.0,0,Seed,77.81,77.81,17.87,2.89,1.43,0,94.42,94.42,5.58,1,Early Preparation,36.0,35.33,36.0,22.67,6.0,30.89,21.45,31.18,29.78
ST118,Otipy,Quick Commerce / Fresh Produce,2019,"Gurugram, India",1,Growth Stage (Series B),Private,44.0,32.0,Series B,Mar-22,4.0,Seed → Series A → B,"WestBridge Capital, SIG Venture Capital, Omidyar Network",WestBridge Capital,140.0,115.0,-48.0,26.0,420.0,1400000.0,44,5000000.0,4.3,110000.0,18000.0,22.0,Large,178,9,81,268,Private,0,0,0,Active,Still Private,0,8.55903844766645,26.994764182058045,11.90542521994135,36.06177606177607,16.12857142857143,37.2917571884984,62.825278810408925,30.0,7,10.962845622119817,13.55092314203224,28.3405303110903,19.726250208308183,5.755547355329845,24.68343086924625,0,0.0,0,3.0,0,0,0.0,0,0.0,0,0.67,0,0.36,0,1.51,1,48.0,40.33,48.0,8.0,3.67,0,46.67,46.67,39.33,12.0,2.0,0,Seed,59.5,59.5,37.83,1.57,1.1,0,84.34,84.34,15.66,0,Not Ready,47.33,47.33,41.33,11.0,0.33,23.73,15.97,21.91,21.91
ST119,Pluckk,Quick Commerce / Fresh Produce,2021,"Mumbai, India",2,Growth Stage (Series A),Private,10.0,5.0,Series A,Jan-23,2.0,Seed → Series A,"Exponentia Ventures, Kareena Kapoor Khan",Exponentia Ventures,35.0,42.0,-18.0,24.0,210.0,680000.0,36,1000000.0,4.4,28000.0,18000.0,22.0,Large,133,25,42,200,Private,0,0,0,Active,Still Private,0,3.7462039241145497,25.48068677694337,6.632404692082111,36.06177606177607,16.188571428571446,20.28532481363152,53.73134328358209,30.0,5,3.7323732718894,6.037366091828681,25.927864196298213,16.463556597534687,2.0545899086594384,19.689666592966297,0,0.0,0,0.0,1,1,93.14,0,0.0,0,0.96,0,0.34,0,1.29,1,48.0,42.33,48.0,6.67,3.0,0,58.67,58.67,31.33,7.67,2.33,0,Seed,97.44,97.44,1.85,0.42,0.29,1,95.13,4.87,95.13,0,Not Ready,51.33,51.33,38.33,10.33,0.0,21.1,11.32,19.29,18.67
ST120,Country Delight,Quick Commerce / D2C Dairy,2013,"Gurugram, India",2,Late Stage (Series E),Private,300.0,20.0,Series E,Jan-24,8.0,Seed → Series A → B → C → D → E,"Temasek, Matrix Partners India, Venturi Partners, Orios",Venturi Partners / Temasek,820.0,900.0,-120.0,32.0,2200.0,6200000.0,74,10000000.0,4.4,420000.0,25000.0,20.0,Very Large,228,50,160,438,Private,0,0,0,Active,Still Private,0,24.7348156964582,40.61821341587173,37.70747800586511,45.01930501930501,27.04285714285716,73.81742279020233,40.546697038724375,30.0,13,50.85829493087558,38.11540054316218,48.54160051264592,40.24856702910285,28.063827722561484,46.3039773059773,1,100.0,1,65.67,0,0,0.0,0,2.3,0,30.6,0,0.55,0,19.37,1,38.67,29.33,38.67,16.33,15.67,1,31.67,27.67,31.67,27.0,13.67,2,Series A,43.45,42.9,11.5,43.45,2.15,0,97.29,97.29,2.71,1,Early Preparation,32.67,30.0,32.67,24.0,13.33,42.1,35.58,38.98,40.72
ST121,Fraazo,Quick Commerce / Fresh Produce,2019,"Mumbai, India",4,Late Stage (Series B),Private,65.0,50.0,Series B,Oct-21,3.0,Seed → Series A → B,"WestBridge Capital, Sixteenth Street Capital, Equanimity",WestBridge Capital,120.0,15.0,-80.0,12.0,120.0,250000.0,22,5000000.0,3.9,75000.0,18000.0,22.0,Large,58,212,86,356,Private,0,0,0,Inactive,Operations Suspended / Scale-Down,0,7.816205907812162,19.62548520905216,3.532441348973607,36.06177606177607,4.696428571428571,42.21682641107561,-43.13725490196079,30.0,7,6.809619815668204,11.194429893912014,19.66076746711668,14.075598998933714,4.2966634763677725,15.331146474891447,0,0.0,0,3.33,1,1,100.0,0,0.0,0,1.04,0,0.96,0,1.23,0,45.33,45.33,44.33,6.67,3.67,0,57.0,57.0,29.0,11.33,2.67,0,Seed,99.38,99.38,0.25,0.22,0.14,1,95.53,4.47,95.53,0,Not Ready,53.0,53.0,34.33,11.0,1.67,17.2,11.56,16.87,16.41
ST122,KisanKonnect,Quick Commerce / Fresh Produce,2020,"Mumbai, India",2,Growth Stage (Series A),Private,10.0,4.2,Pre-Series A,Feb-24,3.0,Seed → Pre-Series A,"Green Frontier Capital, Shilpa Shetty, Angel Investors",Green Frontier Capital,30.0,120.0,-14.0,25.0,280.0,520000.0,34,1000000.0,4.4,32000.0,18000.0,22.0,Large,99,30,39,168,Private,0,0,0,Active,Still Private,0,5.406811296256222,27.13682261010757,6.429472140762463,36.06177606177607,16.040000000000017,11.05320553780618,40.82840236686391,30.0,6,7.527649769585253,8.661319751682454,27.54811293268822,16.868936458621395,3.220365758194167,19.931505035581267,0,0.0,0,0.33,1,1,91.11,0,0.0,0,0.34,0,0.24,0,1.15,1,48.33,42.33,48.33,6.33,3.0,0,60.0,60.0,31.33,6.67,2.0,0,Seed,96.63,96.63,2.5,0.52,0.36,0,87.69,87.69,12.31,0,Not Ready,52.0,52.0,38.33,9.67,0.0,21.93,12.93,19.59,19.34
ST123,DeepRooted,Quick Commerce / Fresh Produce,2020,"Bengaluru, India",3,Growth Stage (Series A),Private,16.0,12.5,Series A,Sep-22,3.0,Seed → Series A,"IvyCap Ventures, Accel, Omnivore",IvyCap Ventures,45.0,55.0,-22.0,22.0,190.0,380000.0,28,500000.0,4.3,18000.0,18000.0,22.0,Large,80,29,49,158,Private,0,0,0,Active,Still Private,0,5.694676476953041,24.86181055916379,4.160190615835776,36.06177606177607,13.16,7.365452609158682,32.075471698113205,30.0,6,5.844182027649769,9.013932421485544,25.09870572045412,15.536030224527586,2.919650034272183,18.13556756919429,0,0.0,0,0.0,1,1,99.96,0,0.0,0,0.41,0,0.24,0,1.15,1,47.67,42.67,47.67,6.67,3.0,0,60.67,60.67,31.0,6.33,2.0,0,Seed,98.02,98.02,1.39,0.37,0.23,1,93.53,6.47,93.53,0,Not Ready,52.33,52.33,38.0,9.67,0.0,20.13,12.07,18.41,17.92
ST124,Tendercuts,Quick Commerce / Meat & Seafood,2015,"Chennai, India",1,Growth Stage (Series A),Acquired,19.0,80.0,Series A,Nov-23,4.0,Seed → Series A,"Paragon Partners, Nabventures",GoodToGo (Acquirer),25.0,80.0,-16.0,28.0,350.0,850000.0,32,1000000.0,4.2,45000.0,12000.0,18.0,Large,173,17,40,230,Acquired,2023,25,GoodToGo,Acquired,Consolidation in D2C Meat Category,8,7.985096119166125,27.639283539679315,6.839039589442815,16.138996138996138,11.467857142857143,29.719190628328,67.53246753246754,14.875,11,18.41935483870968,11.84679188346419,28.752186765485767,7.200974763401738,3.5606508436928794,17.896351900849822,0,0.0,0,0.0,0,0,0.0,0,0.0,1,65.41,0,12.49,1,68.81,1,45.33,43.67,45.33,8.33,2.67,0,49.33,49.33,35.67,12.33,2.67,0,Seed,96.54,96.54,2.74,0.43,0.29,0,63.13,63.13,36.87,0,Not Ready,48.67,48.67,34.67,14.67,2.0,17.46,14.79,10.91,14.51
ST125,Fipola,Quick Commerce / Meat & Seafood,2016,"Chennai, India",1,Growth Stage (Series A),Private,15.0,9.0,Series A,Jan-22,3.0,Seed → Series A,"CKR Holdings, Institutional Angels",CKR Holdings,20.0,10.0,-35.0,15.0,110.0,180000.0,18,1000000.0,3.8,30000.0,12000.0,18.0,Large,54,145,74,273,Private,0,0,0,Inactive,Insolvency Proceedings / Liquidation,0,5.6306670634061895,21.294873909072457,1.2713343108504394,16.138996138996138,0.6642857142857143,26.340106496272632,-33.21167883211679,30.0,10,13.078917050691242,8.680647997414008,21.29689003810472,2.157542776212155,2.1105445869422983,10.381703182641012,0,0.0,0,1.0,1,1,100.0,0,0.0,0,1.12,0,2.1,0,1.24,0,45.0,45.0,43.67,8.0,3.33,0,59.67,59.67,28.67,9.33,2.33,0,Seed,99.32,99.32,0.27,0.26,0.15,1,95.64,4.36,95.64,0,Not Ready,53.67,53.67,31.67,13.33,1.33,12.03,10.44,6.6,10.12
ST126,Supr Daily,Quick Commerce,2015,"Mumbai, India",2,Growth Stage (Series A),Subsidiary,18.0,150.0,Series A,May-22,4.0,Seed → Series A → Acq by Swiggy,"Swiggy, Y Combinator, Matrix Partners",Swiggy (Parent),,210.0,-45.0,20.0,300.0,1100000.0,35,5000000.0,4.2,140000.0,22000.0,24.0,Large,125,24,80,229,Acquired,2018,50,Swiggy,Subsidiary,Acquired by Swiggy to build Swiggy Daily / Instamart,3,8.477784390103151,26.211024710777348,8.710777126099705,47.91505791505792,13.478571428571428,24.93188498402556,43.91304347826088,25.75,11,19.56048387096774,11.854145700918078,26.18884729142251,23.71111167314771,4.562489517125706,24.475200653907127,0,0.0,0,1.33,0,0,0.9,0,0.0,0,37.94,0,0.29,1,86.02,1,44.33,43.67,44.33,8.0,4.0,0,44.67,44.67,38.33,14.67,2.33,0,Seed,91.9,91.9,6.82,0.79,0.48,1,98.67,1.33,98.67,0,Not Ready,42.0,42.0,40.67,15.33,2.0,25.0,14.67,25.25,23.49
ST127,Livspace,PropTech / Home Interior,2014,"Bengaluru, India",2,Late Stage (Series F),Private,450.0,180.0,Series F,Feb-22,8.0,Series A → B → C → D → E → F,"KKR, Ingka Ventures (IKEA), Venturi Partners, Jungle",KKR,1200.0,1150.0,-380.0,42.0,3100.0,4800000.0,65,1000000.0,4.3,65000.0,28000.0,18.0,Very Large,121,13,58,192,Private,0,0,0,Active,Still Private,0,31.57167460145712,44.94053810635275,37.01847507331378,46.40926640926641,18.31428571428572,17.641831735889248,55.95854922279793,30.0,12,60.55011520737328,46.76940045748172,57.10787681603017,40.81839402312272,38.08751885619184,48.40232448122956,1,100.0,1,52.33,0,0,0.0,0,0.0,0,23.5,0,0.49,0,20.85,1,34.0,31.0,34.0,20.67,14.33,0,32.33,32.33,32.0,23.0,12.67,2,Series A,51.65,40.81,5.86,51.65,1.68,0,98.62,98.62,1.38,0,Not Ready,32.0,32.0,28.0,25.67,14.33,45.1,41.42,38.96,43.03
ST128,Snoonu India,Quick Commerce,2019,"Bengaluru, India",2,Growth Stage (Seed/Venture),Private,12.0,5.0,Seed Round,Jan-23,2.0,Seed → Venture,"Qatar Development Bank, Regional VCs",QDB,30.0,18.0,-6.0,18.0,150.0,220000.0,20,500000.0,4.1,10000.0,22000.0,24.0,Large,120,14,77,211,Private,0,0,0,Active,Still Private,0,3.8212039241145495,22.956305814897505,1.8839442815249263,47.91505791505792,7.942857142857143,21.09265175718849,50.0,30.0,7,7.137442396313364,6.024434379154204,23.1663864600588,18.71199605607569,1.7790064052633767,20.143528013521014,0,0.0,0,0.0,1,1,99.28,0,0.0,0,0.95,0,0.35,0,1.29,1,45.67,43.67,45.67,7.0,3.67,0,60.67,60.67,30.0,7.33,2.0,0,Seed,98.19,98.19,1.21,0.38,0.22,1,98.0,2.0,98.0,0,Not Ready,54.33,54.33,34.33,11.33,0.0,21.06,9.84,21.22,19.31
ST129,Ola Dash,Quick Commerce,2021,"Bengaluru, India",1,Early Stage (Backed by Parent),Subsidiary,,,Corporate Internal,Oct-21,,Parent Capital Infusion,ANI Technologies (Ola),Ola (Parent),,,,,100.0,,15,,4.0,,22000.0,24.0,Large,109,30,78,217,Subsidiary,2022,0,ANI Technologies (Ola),Inactive,Internal Quick Commerce Arm Shutdown by Ola,0,0.0,15.8311345646438,0.0,47.91505791505792,5.0,21.158338658146963,36.23853211009174,30.0,5,2.142857142857142,0.0,15.8311345646438,16.239673129985984,0.0,15.49302492609174,0,0.0,0,0.0,1,1,100.0,0,0.0,0,0.99,0,2.78,0,1.29,0,45.0,45.0,45.0,6.67,3.33,0,59.33,59.33,31.33,7.67,1.67,0,Seed,99.3,99.3,0.39,0.19,0.12,1,98.2,1.8,98.2,0,Not Ready,54.67,54.67,32.0,12.0,1.33,16.79,4.75,19.18,15.98
ST130,HomeLane,PropTech / Home Interior,2014,"Bengaluru, India",2,Late Stage (Series E),Private,115.0,75.0,Series E Ext,Sep-23,8.0,Series A → B → C → D → E,"Accel, Peak XV, IIFL, Stride Ventures",IIFL Fintech Fund,260.0,610.0,-72.0,38.0,1850.0,3200000.0,58,500000.0,4.2,42000.0,28000.0,18.0,Very Large,157,10,73,240,Private,0,0,0,Active,Still Private,0,18.21389219505157,39.02790110614978,25.213049853372432,46.40926640926641,13.81857142857143,30.05231096911608,60.99585062240664,30.0,12,41.70334101382489,27.53707156525216,46.505723686794944,31.687064157649424,15.114736763018238,37.77786050514557,1,100.0,0,7.0,0,0,0.0,0,0.0,0,39.73,0,0.41,0,19.42,1,40.67,31.67,40.67,18.0,9.67,0,34.33,34.33,32.33,23.67,9.67,1,Pre-Series A,52.44,39.41,52.44,6.82,1.32,0,95.03,95.03,4.97,0,Not Ready,36.0,36.0,31.33,22.33,10.33,36.99,28.59,31.71,34.48
ST131,Slice,FinTech,2016,"Bengaluru, India",1,Late Stage (Series C),Private,340.0,50.0,Series C Ext,Nov-23,7.0,Seed → Series A → B → C,"Tiger Global, Insight Partners, Blume Ventures, GGV",Insight Partners,1800.0,850.0,-240.0,52.0,1250.0,5200000.0,64,10000000.0,4.4,580000.0,35000.0,22.0,Very Large,261,55,158,474,Merged,2024,1800,North East Small Finance Bank,Active,Merger with NESFB to gain Banking License,8,24.79537257447883,45.94615765171503,28.05571847507331,68.22393822393822,26.8857142857143,83.70036208732692,43.368421052631575,77.0,10,34.611175115207374,48.0151998431788,48.05301249042472,48.08076271685515,42.02536952943253,56.981295630484944,1,100.0,0,44.0,0,0,0.0,1,83.63,1,62.03,0,0.72,1,57.87,1,34.67,29.67,34.67,21.0,14.67,1,29.67,28.33,29.67,28.0,14.0,0,Seed,53.38,53.38,4.56,40.26,1.79,0,97.08,97.08,2.92,1,Early Preparation,31.33,28.0,31.33,25.0,15.67,46.55,37.65,46.93,45.67
ST132,Upstox,FinTech,2010,"Mumbai, India",3,Late Stage (Series C),Private,300.0,25.0,Series C,Nov-21,5.0,Seed → Series A → B → C,"Ratan Tata, Tiger Global, Kalaari Capital",Tiger Global,3400.0,1300.0,210.0,78.0,1650.0,18000000.0,78,50000000.0,4.4,1400000.0,25000.0,25.0,Very Large,282,20,139,441,Private,0,0,0,Active,Still Private,0,19.772686287239416,68.91408311345646,61.81818181818181,55.73359073359072,57.28571428571431,79.5531416400426,59.27601809954752,30.0,16,56.96428571428571,60.43205993997175,70.78908311345646,58.89663640540503,68.23686330331921,66.38478939223782,1,100.0,1,97.33,0,0,0.0,1,100.0,0,23.82,0,1.25,0,37.17,1,34.67,30.0,34.67,19.33,16.0,1,29.33,27.0,29.33,27.0,16.67,0,Seed,67.41,67.41,12.13,16.68,3.77,0,52.1,52.1,47.9,1,Early Preparation,31.67,23.67,31.67,21.67,23.0,63.9,51.17,58.44,61.89
ST133,OneCard,FinTech,2018,"Pune, India",3,Late Stage (Series D),Private,225.0,100.0,Series D,Jul-22,5.0,Seed → Series A → B → C → D,"Peak XV, QED Investors, Matrix Partners India, Temasek",Temasek,1400.0,580.0,-180.0,45.0,680.0,3800000.0,62,10000000.0,4.5,380000.0,20000.0,22.0,Large,228,62,171,461,Private,0,0,0,Active,Still Private,0,17.528245148957655,39.82665668763953,22.17375366568915,39.84555984555984,26.742857142857147,78.11075612353568,35.93073593073593,30.0,8,21.434331797235025,35.52929508999044,39.9435921715105,30.1771189336413,31.388422054799143,38.20433965033156,1,100.0,0,33.67,0,0,0.0,0,0.0,0,35.39,0,0.36,0,6.84,1,36.33,33.0,36.33,19.33,11.33,1,31.33,30.33,31.33,26.33,12.0,0,Seed,43.13,43.13,15.51,38.88,2.48,0,97.85,97.85,2.15,1,Early Preparation,35.33,31.0,35.33,24.0,9.67,34.31,29.43,31.5,32.66
ST134,Money View,FinTech,2014,"Bengaluru, India",2,Late Stage (Series E),Private,185.0,75.0,Series E,Dec-22,6.0,Series A → B → C → D → E,"Tiger Global, Apis Partners, Winter Capital, Accel",Apis Partners,1200.0,1012.0,170.0,62.0,1100.0,8500000.0,71,50000000.0,4.5,1800000.0,30000.0,24.0,Very Large,163,25,49,237,Private,0,0,0,Active,Still Private,0,17.505558861718246,57.73253247412218,44.80388563049853,63.05019305019305,51.89285714285714,30.06739084132056,57.98319327731093,30.0,12,39.470276497695856,34.82913904770065,57.85914537734799,54.69164569896553,32.49030481796797,52.4818480488936,1,100.0,1,77.0,0,0,0.0,1,100.0,0,23.59,0,1.25,0,40.62,1,37.33,32.67,37.33,17.0,13.0,0,31.0,31.0,29.67,24.33,15.0,0,Seed,78.14,78.14,6.87,12.33,2.67,0,70.57,70.57,29.43,1,Early Preparation,31.33,30.67,31.33,19.0,19.0,55.44,38.01,52.82,52.18
ST135,KreditBee,FinTech,2018,"Bengaluru, India",3,Late Stage (Series D),Private,350.0,100.0,Series D Ext,Mar-23,7.0,Series A → B → C → D,"Advent International, MUFG, PremjiInvest, Motilal Oswal",Advent International / MUFG,700.0,1250.0,145.0,58.0,1400.0,11000000.0,75,50000000.0,4.5,2100000.0,30000.0,24.0,Very Large,162,18,88,268,Private,0,0,0,Active,Still Private,0,25.549078482290987,59.58300563223057,50.77346041055718,63.05019305019305,56.285714285714285,35.758210862619805,53.53159851301115,30.0,8,36.77707373271889,35.535209151192255,60.15760240642412,60.17789407922136,29.82949183049809,55.40825031776131,1,100.0,1,83.67,0,0,0.0,1,100.0,0,31.08,0,1.15,0,37.6,1,37.0,31.33,37.0,16.33,15.33,1,31.0,28.33,31.0,25.67,15.0,0,Seed,62.66,62.66,3.57,31.48,2.3,0,63.17,63.17,36.83,1,Early Preparation,31.33,30.0,31.33,19.33,19.33,58.9,42.1,56.11,55.35
ST136,Perfios,FinTech,2008,"Bengaluru, India",2,Late Stage (Series D / Pre-IPO),Private,460.0,80.0,Series D / PE,Mar-24,6.0,Series A → B → C → D,"Teachers' Venture Growth, KKR, Bessemer Venture Partners",TVG (Ontario Teachers'),1000.0,620.0,28.0,75.0,1200.0,1500000.0,48,2.0,4.6,8000.0,35000.0,20.0,Very Large,173,32,38,243,Private,0,0,0,Active,Pre-IPO Stage,0,27.85592945249946,54.734181550639335,16.471774793548388,63.93822393822393,21.652857742857144,32.14585729499467,57.78688524590165,30.0,18,48.39516129032258,38.8094953420987,57.95595574418771,41.823911110286495,29.040777082814053,48.27382657001709,1,100.0,0,30.0,0,0,0.0,0,0.0,0,40.74,0,0.55,0,21.1,1,37.33,30.0,37.33,19.0,13.67,0,33.67,33.67,30.33,23.33,12.67,0,Seed,50.11,50.11,6.97,40.61,2.31,0,99.36,99.36,0.64,1,Early Preparation,32.33,31.0,32.33,22.33,14.33,46.69,37.27,40.06,41.73
ST137,InCred,FinTech,2016,"Mumbai, India",1,Late Stage (Series D),Private,170.0,500.0,Series D,Dec-23,6.0,Series A → B → C → D,"KKR, OakNorth, MEMG (Ranjan Pai), Abu Dhabi Sovereign",MEMG Family Office,1040.0,1270.0,316.0,64.0,1850.0,2800000.0,55,1000000.0,4.3,65000.0,40000.0,18.0,Very Large,104,34,37,175,Private,0,0,0,Active,Still Private,0,20.16205907812162,64.45913461538461,24.18123167155425,69.1119691119691,16.171428571428574,12.839105431309903,39.77272727272727,30.0,10,45.6676267281106,34.57227438777418,67.81195719602978,43.36599464714016,33.36885778212238,48.5289629806652,1,100.0,0,26.67,0,0,0.0,0,0.0,0,16.63,0,0.7,0,20.18,1,37.33,30.67,37.33,19.33,12.67,0,32.67,32.67,31.0,23.67,12.67,0,Seed,60.74,60.74,7.28,30.4,1.59,0,98.46,98.46,1.54,0,Not Ready,34.0,34.0,32.33,19.33,14.33,53.23,37.99,42.29,47.32
ST138,Yubi (CredAvenue),FinTech,2017,"Chennai, India",1,Late Stage (Series B),Private,220.0,137.0,Series B,Mar-22,4.0,Seed → Series A → B,"Insight Partners, BGV, Peak XV, Dragoneer",Insight Partners,1300.0,480.0,-420.0,48.0,850.0,950000.0,42,2.0,4.5,4000.0,35000.0,20.0,Very Large,178,18,60,256,Private,0,0,0,Active,Still Private,0,15.954320854071993,36.25177592855693,12.162573913782987,63.93822393822393,18.540714885714287,35.0517571884984,62.2568093385214,30.0,9,23.972350230414744,31.72308789776504,38.09048560597629,36.011956062446274,28.4987988508433,38.37408237089267,1,100.0,0,26.0,0,0,0.0,0,0.0,0,28.18,0,0.36,0,4.85,1,37.0,33.33,37.0,18.0,11.67,0,34.33,34.33,30.0,24.0,11.67,1,Pre-Series A,47.62,38.18,47.62,12.46,1.74,0,98.03,98.03,1.97,0,Not Ready,37.67,37.67,29.67,20.33,12.33,35.7,25.6,36.57,34.17
ST139,Oxyzo,FinTech,2016,"Gurugram, India",2,Late Stage (Series A),Private,200.0,200.0,Series A,Mar-22,1.0,Series A (Unicorn),"Alpha Wave, Tiger Global, Norwest, Matrix Partners","Alpha Wave, Tiger Global",1000.0,920.0,290.0,55.0,650.0,1100000.0,45,2.0,4.4,6000.0,45000.0,18.0,Very Large,109,10,48,167,Private,0,0,0,Active,Still Private,0,10.681490297915316,55.18583823827888,11.741569514956012,78.57142857142856,16.21285774285716,11.825005324813633,58.92857142857143,30.0,10,29.679723502304142,19.967279152126952,52.98422533505306,40.76514278352721,26.598835654494845,41.70640936072842,1,100.0,0,9.67,0,0,0.0,0,0.0,0,13.66,0,0.57,0,18.69,1,38.67,33.33,38.67,17.33,10.67,0,36.33,36.33,32.0,20.33,11.33,1,Pre-Series A,54.31,36.88,54.31,7.59,1.22,0,99.05,99.05,0.95,0,Not Ready,39.0,39.0,30.0,19.0,12.0,46.24,26.29,40.54,41.03
ST140,Vivriti Capital,FinTech,2017,"Chennai, India",2,Late Stage (Series C),Private,210.0,30.0,Series C Ext,Nov-23,5.0,Series A → B → C,"Creation Investments, TVS Capital, Lightrock",TVS Capital Funds,650.0,1100.0,185.0,52.0,950.0,1400000.0,44,2.0,4.4,5000.0,45000.0,18.0,Very Large,147,30,55,232,Private,0,0,0,Active,Still Private,0,16.43555687802063,55.45926781002638,13.824780658651026,78.57142857142856,16.528572028571446,27.60051118210863,50.21459227467812,30.0,9,32.69009216589861,26.03715967981472,54.06813877776832,43.308825759714914,24.89970729088775,44.424342748435066,1,100.0,0,16.33,0,0,0.0,0,0.0,0,21.26,0,0.68,0,14.92,1,39.67,31.0,39.67,17.33,12.0,0,35.0,35.0,29.67,23.33,12.0,0,Seed,45.72,45.72,42.17,10.8,1.31,0,98.58,98.58,1.42,0,Not Ready,36.0,36.0,32.0,18.33,13.67,47.6,30.01,42.25,42.76
ST141,CoinSwitch,FinTech,2017,"Bengaluru, India",3,Late Stage (Series C),Private,300.0,260.0,Series C,Oct-21,4.0,Seed → Series A → B → C,"Andreessen Horowitz (a16z), Coinbase Ventures, Tiger Global","a16z, Coinbase Ventures",1900.0,180.0,-120.0,50.0,550.0,4200000.0,58,10000000.0,4.2,480000.0,15000.0,28.0,Large,207,86,153,446,Private,0,0,0,Active,Still Private,0,19.88593738728991,36.29129033894864,20.925953079178885,43.24324324324324,20.24285714285714,73.29797657082003,27.069351230425053,30.0,9,17.31912442396313,41.187631766159846,38.06951614540026,30.64909608330006,35.71268843209953,37.74594095045005,1,100.0,0,34.33,0,0,0.0,0,0.0,0,24.62,0,0.41,0,4.7,1,34.33,33.67,34.33,20.33,11.67,1,32.0,30.67,32.0,26.33,11.0,0,Seed,44.28,44.28,13.76,39.5,2.46,0,97.0,97.0,3.0,1,Early Preparation,33.0,32.0,33.0,25.33,9.67,33.34,30.47,31.98,32.8
ST142,CoinDCX,FinTech,2018,"Mumbai, India",2,Late Stage (Series D),Private,245.0,135.0,Series D,Apr-22,6.0,Seed → Series A → B → C → D,"Pantera Capital, Steadview, BGV, Coinbase Ventures",Pantera Capital,2150.0,165.0,-95.0,52.0,620.0,4800000.0,60,10000000.0,4.3,520000.0,15000.0,28.0,Large,230,86,148,464,Private,0,0,0,Active,Still Private,0,20.21000595109284,37.155961411609496,22.582111436950147,43.24324324324324,23.61428571428572,78.8624494142705,30.967741935483872,30.0,8,15.6661866359447,47.66043617195289,39.47955012128692,32.0695174070866,39.34768132127056,39.85968601573299,1,100.0,0,35.33,0,0,0.0,0,0.0,0,22.6,0,0.46,0,4.59,1,36.33,33.0,36.33,18.33,12.33,1,32.33,31.0,32.33,25.33,11.33,0,Seed,56.65,56.65,11.19,29.96,2.2,0,98.31,98.31,1.69,1,Early Preparation,33.67,30.67,33.67,25.0,10.67,34.52,32.74,33.81,34.4
ST143,Juspay,FinTech,2012,"Bengaluru, India",2,Late Stage (Series C),Private,87.0,60.0,Series C,Dec-21,4.0,Seed → Series A → B → C,"SoftBank Vision Fund 2, VCC, Accel",SoftBank,460.0,320.0,-25.0,65.0,980.0,3500000.0,52,,4.6,12000.0,35000.0,20.0,Very Large,93,16,43,152,Private,0,0,0,Active,Still Private,0,10.383613756041262,45.50131926121372,18.46151026392961,63.93822393822393,23.818571428571428,7.491458998935037,50.326797385620914,30.0,14,33.944700460829495,18.43207003338941,49.17873861605243,37.64378236820362,12.941525212773138,37.51497763074205,1,100.0,0,2.33,0,0,0.0,0,0.0,0,19.94,0,0.57,0,23.88,1,42.33,34.0,42.33,16.33,7.33,0,37.67,37.67,32.67,19.67,10.0,1,Pre-Series A,68.11,30.15,68.11,0.79,0.96,0,97.8,97.8,2.2,0,Not Ready,36.67,36.67,36.33,18.67,8.33,41.67,24.51,37.7,37.38
ST144,Indifi,FinTech,2015,"Gurugram, India",3,Late Stage (Series E),Private,110.0,35.0,Series E,Jun-23,6.0,Series A → B → C → D → E,"ICICI Venture, British International Investment, Accel",ICICI Venture,220.0,260.0,12.0,58.0,650.0,1800000.0,46,1000000.0,4.3,35000.0,30000.0,22.0,Very Large,106,31,70,207,Private,0,0,0,Active,Still Private,0,14.390094135468514,42.35963821798254,13.143841642228738,58.76447876447877,14.92857142857143,19.00413205537805,36.05769230769231,30.0,11,23.57258064516129,21.393402799414257,44.283025314756735,32.57428260674732,10.075377870295364,33.88349852470899,1,99.9,0,2.33,0,0,0.0,0,0.0,0,24.64,0,0.32,0,5.06,1,43.33,33.67,43.33,17.67,5.33,0,38.67,38.67,32.67,21.67,7.0,1,Pre-Series A,61.23,36.24,61.23,1.31,1.23,0,98.0,98.0,2.0,0,Not Ready,38.0,38.0,35.33,22.33,4.33,37.07,24.54,32.78,33.41
ST145,Lendingkart,FinTech,2014,"Ahmedabad, India",2,Late Stage (Series D),Private,280.0,200.0,Series D Ext,Oct-24,9.0,Series A → B → C → D,"Fullerton Financial Holdings, Bertelsmann, Saama Capital",Fullerton Financial,350.0,860.0,60.0,52.0,1150.0,3200000.0,58,10000000.0,4.3,210000.0,30000.0,22.0,Very Large,143,16,82,241,Private,0,0,0,Active,Still Private,0,27.014823631248653,50.06019129287599,23.54692082111437,58.76447876447877,20.12857142857143,28.89712460063898,52.47933884297521,30.0,12,38.05414746543779,35.64777152916252,51.45938484126309,41.159330966897045,21.474621058698904,44.545367728046045,1,100.0,0,23.67,0,0,0.0,0,0.0,0,38.19,0,0.6,0,21.98,1,36.67,30.33,36.67,20.0,13.0,0,33.33,33.33,31.0,22.67,13.0,2,Series A,43.05,39.85,14.93,43.05,2.18,0,98.72,98.72,1.28,0,Not Ready,32.67,32.67,31.67,22.33,13.33,44.56,35.71,39.21,41.14
ST146,Rupeek,FinTech,2015,"Bengaluru, India",2,Late Stage (Series C),Private,160.0,16.0,Series C Ext,Jan-23,7.0,Seed → Series A → B → C,"Peak XV, Accel, Bertelsmann, GVT","Accel, Peak XV",500.0,130.0,-140.0,42.0,1300.0,2100000.0,52,5000000.0,4.4,140000.0,25000.0,16.0,Very Large,149,21,72,242,Private,0,0,0,Active,Still Private,0,17.787852557166556,32.16926501928151,20.27602639296188,36.44787644787644,19.55000000000002,29.65887113951011,52.674897119341566,30.0,11,28.23790322580645,28.433244537221665,39.09870050315247,26.3644668701424,14.013803641159852,32.42376465802147,1,98.2,0,11.67,0,0,0.0,0,0.0,0,35.65,0,0.4,0,9.45,1,40.0,34.0,40.0,18.33,7.67,0,35.0,35.0,35.0,22.67,7.33,1,Pre-Series A,61.83,29.86,61.83,7.34,0.97,0,97.5,97.5,2.5,0,Not Ready,38.33,38.33,36.33,20.33,5.0,30.46,25.83,27.36,28.56
ST147,Jar,FinTech,2021,"Bengaluru, India",2,Growth Stage (Series B),Private,58.0,22.6,Series B,Aug-22,3.0,Seed → Series A → B,"Tiger Global, Rocketship.vc, Arkam Ventures, WEH",Tiger Global,300.0,45.0,-110.0,38.0,320.0,4500000.0,66,10000000.0,4.6,340000.0,18000.0,26.0,Large,126,19,49,194,Private,0,0,0,Active,Still Private,0,7.346175070331097,29.69845684493606,21.63526392961877,44.63320463320463,29.76428571428572,18.49439829605964,54.87179487179488,30.0,5,4.8343894009216575,13.024469365341476,30.83656168364574,29.85474583547889,7.08116850620015,27.60721239752671,0,0.01,0,0.0,0,0,0.0,0,0.0,0,0.54,0,0.36,0,1.84,1,44.67,40.0,44.67,12.0,3.33,0,43.0,43.0,41.0,13.67,2.33,1,Pre-Series A,74.0,24.42,74.0,0.85,0.73,0,87.1,87.1,12.9,1,Early Preparation,42.67,42.33,42.67,14.0,1.0,30.26,17.73,30.95,28.68
ST148,Mswipe,FinTech,2011,"Mumbai, India",1,Late Stage (Series E),Private,145.0,20.0,Series E Ext,Mar-24,8.0,Series A → B → C → D → E,"Matrix Partners India, BGV, Falcon Edge, DSG Consumer",Matrix Partners,400.0,290.0,-48.0,42.0,1450.0,2400000.0,48,5000000.0,4.2,110000.0,25000.0,18.0,Very Large,92,24,66,182,Private,0,0,0,Active,Still Private,0,18.9223156964582,35.8829853359042,20.70967741935484,40.73359073359072,14.7,12.995612353567626,37.15846994535519,30.0,15,40.260944700460826,29.617608275434115,42.78016275525904,27.83346030385907,14.39029923575627,33.526331395128075,1,99.99,0,10.0,0,0,0.0,0,0.0,0,29.99,0,0.37,0,22.54,1,41.33,32.33,41.33,19.0,7.33,0,37.67,37.67,35.0,20.33,7.0,1,Pre-Series A,69.04,24.33,69.04,5.39,1.24,0,97.2,97.2,2.8,1,Early Preparation,38.33,36.67,38.33,20.33,4.67,33.06,27.64,28.49,30.81
ST149,axio (Capital Float),FinTech,2013,"Bengaluru, India",2,Late Stage (Series C),Private,140.0,20.0,Series C Ext,Oct-23,8.0,Series A → B → C,"Elevation Capital, Lightrock, Ribbit Capital, Amazon",Elevation Capital,280.0,310.0,-125.0,45.0,720.0,2800000.0,50,5000000.0,4.3,160000.0,20000.0,22.0,Large,86,32,38,156,Private,0,0,0,Active,Still Private,0,18.7348156964582,36.33350035518571,16.954545454545457,39.84555984555984,17.914285714285715,7.56719914802982,34.394904458598724,30.0,13,29.160714285714285,28.091114027708542,38.39600035518571,26.78451599797405,12.75572858248172,31.041314331085427,1,97.63,0,6.33,0,0,0.0,0,0.0,0,23.06,0,0.39,0,14.69,1,40.67,33.33,40.67,19.33,6.67,0,38.67,38.67,34.33,19.67,7.33,1,Pre-Series A,73.58,21.5,73.58,3.98,0.94,0,97.18,97.18,2.82,0,Not Ready,38.67,38.67,37.33,20.67,3.33,31.33,26.29,27.54,29.07
ST150,PayU India,FinTech,2011,"Gurugram, India",2,Late Stage (Corporate Infusion),Subsidiary,,,Corporate Internal,Mar-24,,Parent Corporate Infusion,Prosus / Naspers (Parent),Prosus (Parent),,3200.0,110.0,58.0,2100.0,14000000.0,68,,4.4,45000.0,35000.0,20.0,Very Large,89,12,75,176,Subsidiary,2011,0,Prosus / Naspers Group,Subsidiary,Acquired & Operated as Prosus India FinTech Arm,0,0.0,89.59001420742845,42.44868035190615,63.93822393822393,30.25714285714287,11.588072417465389,43.50282485875706,30.0,15,82.92626728110599,0.0,82.49324001388007,44.113319349585446,30.0,51.98564675817136,1,100.0,0,25.67,0,0,0.0,1,95.4,0,2.96,0,1.08,0,21.68,1,39.67,33.0,39.67,17.33,10.0,0,33.67,33.67,33.0,20.67,12.67,0,Seed,69.9,69.9,19.75,8.58,1.78,0,71.35,71.35,28.65,1,Early Preparation,38.33,33.33,38.33,13.33,15.0,64.89,32.53,43.24,54.18
ST151,Fibe (EarlySalary),FinTech,2015,"Pune, India",2,Late Stage (Series E),Private,210.0,90.0,Series E,Jun-24,6.0,Series A → B → C → D → E,"TR Capital, Trifecta, Chiratae, Eight Roads, Norwest",TR Capital / Trifecta,550.0,820.0,112.0,62.0,1150.0,7800000.0,72,10000000.0,4.5,850000.0,30000.0,24.0,Very Large,95,33,78,206,Private,0,0,0,Active,Still Private,0,18.55667063406189,53.96736097016439,32.47873900293254,63.05019305019305,33.71428571428572,17.763152289669865,29.95169082125604,30.0,11,35.41129032258064,27.82524594186192,55.616554518551496,46.72763365688366,21.453064147401545,44.75903729987083,1,100.0,0,26.67,0,0,0.0,0,11.43,0,9.84,0,0.67,0,20.02,1,39.0,31.0,39.0,17.0,13.0,1,32.67,30.0,32.67,23.33,14.0,0,Seed,52.97,52.97,31.69,14.15,1.19,0,98.88,98.88,1.12,0,Not Ready,33.33,33.33,30.67,22.33,13.67,49.81,33.75,44.93,45.72
ST152,Stashfin,FinTech,2016,"New Delhi, India",2,Late Stage (Series C),Private,140.0,270.0,Series C Ext,Jun-22,5.0,Seed → Series A → B → C,"Uncorrelated Ventures, Fasanara Capital, Absolute",Uncorrelated Ventures,450.0,380.0,-65.0,50.0,850.0,4200000.0,60,10000000.0,4.3,410000.0,30000.0,24.0,Very Large,129,27,39,195,Private,0,0,0,Active,Still Private,0,15.628345235519008,40.14188400649482,23.31598240469208,63.05019305019305,22.342857142857145,18.968604898828545,52.04081632653062,30.0,10,24.86520737327189,23.190293053132272,42.60559368391418,40.15178780229507,14.961568095193586,37.99493435509005,1,100.0,0,5.0,0,0,0.0,0,0.0,0,12.2,0,0.51,0,6.12,0,36.0,36.0,35.0,20.33,8.67,0,33.0,33.0,32.67,22.67,11.67,1,Pre-Series A,55.72,39.48,55.72,3.76,1.03,0,97.58,97.58,2.42,0,Not Ready,35.67,35.67,32.0,23.33,9.0,40.4,26.27,39.29,38.11
ST153,CASHe,FinTech,2016,"Mumbai, India",1,Growth Stage (Series B),Private,50.0,20.0,Series B,Jan-22,4.0,Seed → Series A → B,"TSLC, Florintree Advisors, Angel Investors",Florintree Advisors,200.0,560.0,38.0,55.0,620.0,3500000.0,56,10000000.0,4.2,380000.0,25000.0,22.0,Very Large,124,20,73,217,Private,0,0,0,Active,Still Private,0,8.693149029791531,46.23629997970368,20.04802052785924,49.30501930501929,18.92142857142857,22.596038338658147,47.70642201834863,30.0,10,24.889400921658986,14.338866538405616,46.09113868938109,29.54137969301844,10.850805818222415,33.161489794176326,1,99.73,0,1.0,0,0,0.0,0,0.0,0,6.6,0,0.39,0,7.9,1,41.0,36.33,41.0,17.67,5.0,0,38.0,38.0,36.0,20.33,5.67,1,Pre-Series A,75.41,22.73,75.41,0.93,0.93,1,56.34,43.66,56.34,0,Not Ready,40.0,40.0,38.33,19.67,2.0,37.58,23.06,30.46,33.29
ST154,Niyo,FinTech,2015,"Bengaluru, India",2,Late Stage (Series C),Private,180.0,30.0,Series C Ext,Jul-22,5.0,Seed → Series A → B → C,"Accel, Lightrock, JS Capital, Multiples PE","Accel, Lightrock",400.0,160.0,-180.0,40.0,780.0,3100000.0,54,5000000.0,4.3,220000.0,20000.0,22.0,Large,134,24,51,209,Private,0,0,0,Active,Still Private,0,15.31055687802063,31.341079764562608,18.62573313782991,39.84555984555984,18.57857142857143,22.06117145899893,52.38095238095239,30.0,11,23.58064516129032,22.407605958167164,34.72817653875616,26.457233878009507,12.0665480771228,30.19014853294206,0,24.72,0,0.67,0,0,0.0,0,0.0,0,12.29,0,0.32,0,5.54,1,39.0,36.33,39.0,20.0,4.67,0,37.67,37.67,35.33,21.0,6.0,1,Pre-Series A,71.82,26.38,71.82,0.99,0.81,0,98.25,98.25,1.75,0,Not Ready,39.67,39.67,39.0,19.0,2.33,29.5,22.73,27.32,27.77
ST155,Progcap,FinTech,2017,"New Delhi, India",2,Late Stage (Series C),Private,100.0,40.0,Series C Ext,Jun-22,5.0,Seed → Series A → B → C,"Tiger Global, Peak XV, Creation Investments","Tiger Global, Peak XV",600.0,210.0,-45.0,48.0,480.0,1200000.0,42,2000000.0,4.4,15000.0,30000.0,20.0,Very Large,145,35,35,215,Private,0,0,0,Active,Still Private,0,12.386298059583064,36.98025548000812,10.687976539589442,54.47876447876448,16.97142857142859,24.235484558040472,50.92592592592593,30.0,9,17.01670506912442,22.97121980412928,38.11936838323393,29.519164886273018,14.581810882456796,32.05927242605191,1,88.3,0,3.33,0,0,0.0,0,0.0,0,15.56,0,0.37,0,3.26,1,43.67,35.33,43.67,16.0,5.0,0,39.0,39.0,35.33,20.0,5.67,1,Pre-Series A,65.89,32.01,65.89,1.12,0.98,0,97.5,97.5,2.5,0,Not Ready,40.67,40.67,36.33,20.67,2.33,32.78,22.27,30.7,30.13
ST156,KredX,FinTech,2015,"Bengaluru, India",3,Late Stage (Series B),Private,36.0,26.0,Series B,Dec-19,3.0,Seed → Series A → B,"Tiger Global, Peak XV, Prime Venture Partners",Tiger Global,150.0,110.0,-32.0,42.0,380.0,850000.0,38,2000000.0,4.3,8000.0,25000.0,18.0,Very Large,162,31,42,235,Private,0,0,0,Active,Still Private,0,6.546927072062325,33.281567130099454,8.696224340175954,40.73359073359072,14.056428571428569,29.5982108626198,55.50847457627118,30.0,11,19.08467741935484,10.770710914132604,34.40051874300268,19.79392949830939,5.240134868831007,25.65477598140882,0,0.0,0,0.33,0,0,0.0,0,0.0,0,1.84,0,0.37,0,2.97,1,48.67,38.67,48.67,9.67,3.0,0,47.0,47.0,35.67,14.0,3.33,0,Seed,56.77,56.77,41.1,1.25,0.88,0,78.57,78.57,21.43,0,Not Ready,43.33,43.33,41.0,15.33,0.33,26.52,16.06,22.09,23.18
ST157,Velocity,FinTech,2020,"Bengaluru, India",2,Growth Stage (Series B),Private,30.0,20.0,Series B,May-24,3.0,Seed → Series A → B,"Valar Ventures, Presight Capital",Valar Ventures,120.0,65.0,-24.0,45.0,210.0,620000.0,36,2000000.0,4.5,4000.0,15000.0,24.0,Large,162,25,83,270,Private,0,0,0,Active,Still Private,0,6.276482363124865,33.837829181043226,6.857404692082112,34.67181467181467,18.78714285714286,36.13154419595313,50.55350553505535,30.0,6,6.162730414746543,10.25228708406032,34.141256600398066,17.228496753335225,4.294342071441924,23.53287645654704,0,0.0,0,3.0,0,0,0.0,0,0.0,0,1.56,0,0.42,0,2.03,1,50.67,38.67,50.67,7.67,3.0,0,48.67,48.67,36.67,11.67,3.0,0,Seed,85.51,85.51,13.52,0.53,0.44,0,91.71,91.71,8.29,0,Not Ready,43.33,43.33,43.0,13.0,0.67,24.95,15.66,19.92,21.08
ST158,GetVantage,FinTech,2019,"Mumbai, India",2,Growth Stage (Series A),Private,40.0,36.0,Series A,Jun-22,3.0,Seed → Pre-Series A → Series A,"Venture Catalysts, Chiratae, Varanium, Sony Innovation",Venture Catalysts,100.0,35.0,-15.0,40.0,180.0,540000.0,34,2000000.0,4.4,3000.0,15000.0,24.0,Large,109,32,76,217,Private,0,0,0,Active,Still Private,0,6.772668253624757,31.56473576720113,6.109310850439882,34.67181467181467,16.195714285714306,21.158338658146963,35.321100917431195,30.0,7,7.640264976958526,10.320604592472582,31.862114799459203,16.54425846217249,3.870780237412762,21.38351210205682,0,0.0,0,0.0,0,0,3.92,0,0.0,0,0.82,0,0.37,0,1.73,1,52.0,38.33,52.0,7.0,2.67,0,56.0,56.0,33.33,8.67,2.0,0,Seed,86.25,86.25,12.78,0.53,0.44,0,91.96,91.96,8.04,0,Not Ready,45.33,45.33,41.33,13.0,0.33,23.61,15.03,19.22,20.19
ST159,Klub,FinTech,2019,"Bengaluru, India",2,Growth Stage (Series A),Private,20.0,15.0,Series A,Aug-21,3.0,Seed → Pre-Series A → Series A,"Peak XV Surge, Alteria Capital, Venture Catalysts",Surge / Alteria,90.0,28.0,-12.0,38.0,190.0,580000.0,35,2000000.0,4.5,3500.0,15000.0,24.0,Large,118,11,53,182,Private,0,0,0,Active,Still Private,0,5.863611772343648,30.72570783438198,6.451099706744867,34.67181467181467,18.74142857142857,15.487625133120345,58.46994535519126,30.0,7,7.649539170506914,9.646714154411764,31.13135299567229,16.9529680908424,3.379974724264706,21.954156482618217,0,0.0,0,0.0,0,0,0.03,0,0.0,0,0.26,0,0.37,0,1.4,1,52.0,38.67,52.0,7.0,2.33,0,54.33,54.33,36.67,7.0,2.0,0,Seed,94.29,94.29,4.8,0.5,0.41,0,90.64,90.64,9.36,0,Not Ready,48.33,48.33,40.67,11.0,0.0,23.43,14.4,19.71,20.08
ST160,Smallcase,FinTech,2015,"Bengaluru, India",3,Late Stage (Series C),Private,65.0,40.0,Series C,Aug-21,4.0,Seed → Series A → B → C,"Faering Capital, Amazon Smbhav Fund, Peak XV, Blume",Faering Capital,350.0,82.0,-42.0,65.0,420.0,6800000.0,72,5000000.0,4.6,280000.0,25000.0,25.0,Very Large,130,13,64,207,Private,0,0,0,Active,Still Private,0,9.407131392916396,41.55829485488126,25.019061583577702,55.73359073359072,30.38571428571429,21.30445154419595,56.25,30.0,11,19.121774193548383,16.540451724254318,43.11031098391352,37.1158036736988,8.793877822911474,35.383250829118545,1,99.88,0,2.33,0,0,0.0,0,0.04,0,8.57,0,0.9,0,10.86,1,45.0,35.67,45.0,14.33,5.0,0,34.33,34.33,34.0,22.33,9.33,0,Seed,57.51,57.51,39.87,1.32,1.3,0,98.57,98.57,1.43,1,Early Preparation,39.33,36.67,39.33,19.0,5.0,39.47,23.33,37.21,36.34
ST161,INDmoney,FinTech,2019,"Gurugram, India",2,Late Stage (Series D),Private,143.0,11.0,Series D Ext,Jan-23,5.0,Seed → Series A → B → C → D,"Tiger Global, Steadview Capital, Dragoneer, Sixteenth Street",Tiger Global,650.0,140.0,-75.0,55.0,480.0,8199999.999999999,74,10000000.0,4.5,620000.0,25000.0,25.0,Very Large,75,31,81,187,Private,0,0,0,Active,Still Private,0,13.779148633052008,38.183034808199714,29.11070381231672,55.73359073359072,32.82857142857143,12.299552715654952,23.404255319148938,30.0,7,11.85599078341014,24.41172767504777,39.75964771142552,40.399861499338265,15.086991288504278,34.89325165187646,1,99.99,0,3.67,0,0,0.0,0,0.07,0,3.38,0,0.65,0,3.84,1,40.67,36.67,40.67,16.0,6.67,1,36.67,35.0,36.67,19.0,9.33,1,Pre-Series A,57.77,38.27,57.77,3.09,0.87,0,99.08,99.08,0.92,1,Early Preparation,36.67,35.0,36.67,22.67,5.67,39.56,26.22,40.01,38.01
ST162,Scripbox,FinTech,2012,"Bengaluru, India",2,Late Stage (Series D),Private,88.0,21.0,Series D,Jan-22,6.0,Seed → Series A → B → C → D,"Accurate, Omidyar Network, AngelList, Trifecta",Accurate,220.0,75.0,-58.0,50.0,310.0,1800000.0,46,1000000.0,4.4,85000.0,25000.0,20.0,Very Large,108,24,83,215,Private,0,0,0,Active,Still Private,0,13.45905648128111,35.46860729145524,10.950293255131964,45.01930501930501,17.714285714285737,20.68915867944622,38.88888888888889,30.0,14,24.398329493087555,20.82370934072782,36.354696001132666,25.557949418778307,8.056156140952146,29.35564876236853,0,27.39,0,0.0,0,0,0.0,0,0.0,0,25.05,0,0.33,0,5.4,1,44.33,35.0,44.33,16.0,4.67,0,40.33,40.33,36.0,18.67,5.0,1,Pre-Series A,77.99,20.37,77.99,0.8,0.84,0,97.7,97.7,2.3,1,Early Preparation,39.33,37.33,39.33,20.67,2.67,29.95,21.62,26.82,27.12
ST163,Kuvera,FinTech,2016,"Bengaluru, India",2,Growth Stage (Series A),Acquired,10.0,,Series A,Feb-24,3.0,Seed → Series A → Acq,"Eight Roads Ventures, CRED (Acquirer)",CRED (Acquirer),25.0,18.0,-8.0,45.0,140.0,1200000.0,38,1000000.0,4.5,65000.0,25000.0,20.0,Very Large,112,26,46,184,Acquired,2024,25,CRED,Acquired,Strategic Acquisition by CRED Wealth,8,5.375000000000001,33.31453597523848,7.28533724340176,45.01930501930501,19.45714285714286,15.285878594249205,46.48648648648649,14.875,10,13.469239631336402,8.583031179897807,33.46010049136751,22.22123534636915,2.180853825243021,22.63212880347813,0,0.0,0,0.0,0,0,0.0,0,0.0,0,48.77,0,10.89,1,71.05,1,49.33,40.33,49.33,7.33,3.0,0,49.0,49.0,36.0,12.33,2.67,0,Seed,95.5,95.5,3.64,0.5,0.37,0,74.81,74.81,25.19,0,Not Ready,45.33,45.33,38.33,13.67,2.67,27.28,14.86,24.3,23.72
ST164,Wint Wealth,FinTech,2020,"Bengaluru, India",3,Growth Stage (Series A),Private,20.0,15.0,Series A,May-22,3.0,Seed → Pre-Series A → Series A,"Eight Roads, Vertex Ventures, 3one4 Capital",Eight Roads Ventures,90.0,32.0,-14.0,52.0,180.0,2100000.0,52,1000000.0,4.6,45000.0,20000.0,24.0,Large,155,17,88,260,Private,0,0,0,Active,Still Private,0,5.863611772343648,36.14643799472296,11.850219941348971,44.131274131274125,22.80714285714286,33.59395101171459,52.87356321839081,30.0,6,5.459907834101382,9.646714154411764,36.46256702698103,24.25542720090953,3.417474724264706,26.74143982129506,0,0.0,0,0.33,0,0,0.0,0,0.0,0,2.99,0,0.42,0,2.52,1,49.33,35.33,49.33,12.33,3.0,0,46.33,46.33,39.0,12.67,2.0,0,Seed,67.75,67.75,30.63,0.9,0.71,0,88.57,88.57,11.43,1,Early Preparation,43.67,41.33,43.67,14.33,0.67,29.8,16.82,26.06,26.04
ST165,LiquiLoans,FinTech,2018,"Mumbai, India",2,Growth Stage (Series B),Private,25.0,10.0,Series B,May-22,3.0,Seed → Series A → B,"CRED, Matrix Partners India, Tanglin Venture",CRED,200.0,195.0,35.0,58.0,290.0,1400000.0,42,2000000.0,4.4,18000.0,20000.0,22.0,Large,156,24,73,253,Private,0,0,0,Active,Still Private,0,6.0132411815624325,41.64744329713822,9.712170087976538,39.84555984555984,17.202857142857162,32.38313099041533,51.96850393700787,30.0,8,12.847638248847923,11.032388673822282,41.65449974875112,20.255849109035427,6.609025219264082,27.190367001791586,0,0.13,0,0.0,0,0,0.0,0,0.0,0,2.75,0,0.42,0,2.85,1,47.33,37.0,47.33,12.0,3.67,0,46.33,46.33,35.0,15.33,3.33,0,Seed,59.44,59.44,38.92,0.81,0.83,0,91.51,91.51,8.49,0,Not Ready,42.33,42.33,39.67,17.67,0.33,30.26,18.51,22.64,25.44
ST166,Turno,FinTech / EV Financing,2022,"Bengaluru, India",2,Growth Stage (Series A),Private,16.8,13.8,Series A,Feb-23,2.0,Seed → Series A,"Bessemer Venture Partners, BGV, Stellaris Venture",Bessemer / BGV,70.0,48.0,-22.0,32.0,240.0,480000.0,36,500000.0,4.5,12000.0,12000.0,28.0,Large,100,12,58,170,Private,0,0,0,Active,Still Private,0,4.0678561638894895,28.59858940531764,6.425953079178884,37.567567567567565,18.232857142857146,11.522385516506922,51.461988304093566,30.0,4,1.95483870967742,6.645946872922898,29.20181521176925,17.672572757571952,2.723953828618311,20.32854169916332,0,0.0,0,0.0,0,0,30.57,0,0.0,0,0.35,0,0.64,0,1.18,1,49.33,40.67,49.33,7.67,2.33,0,58.0,58.0,33.33,6.33,2.33,0,Seed,97.83,97.83,1.59,0.31,0.27,0,87.93,87.93,12.07,0,Not Ready,53.0,53.0,37.67,9.33,0.0,23.01,12.49,20.37,19.94
ST167,Revfin,FinTech / EV Financing,2018,"New Delhi, India",1,Growth Stage (Series B),Private,35.0,14.0,Series B,Dec-23,4.0,Seed → Series A → B,"Omidyar Network, Companion Capital, ADB",Omidyar Network,110.0,92.0,8.0,48.0,310.0,650000.0,40,500000.0,4.4,16000.0,12000.0,28.0,Large,172,13,69,254,Private,0,0,0,Active,Still Private,0,8.085204320854073,35.83571392327989,7.999156891495601,37.567567567567565,15.937857142857158,34.103343982960595,62.35294117647059,30.0,8,11.7536866359447,12.90804718007436,36.6155526329573,18.925991559110223,4.953778491997965,26.036488778437345,0,0.0,0,0.67,0,0,0.0,0,0.0,0,1.84,0,0.42,0,2.22,1,50.0,36.33,50.0,10.67,3.0,0,48.33,48.33,38.0,11.33,2.33,0,Seed,52.68,52.68,45.4,1.01,0.91,0,86.15,86.15,13.85,0,Not Ready,44.0,44.0,40.33,15.33,0.33,26.92,17.68,21.28,23.04
ST168,Raise Financial (Dhan),FinTech,2021,"Mumbai, India",1,Growth Stage (Series A),Private,22.0,15.0,Series A,Jan-22,2.0,Seed → Series A,"Mirae Asset, Blume Ventures, Multiples PE",Mirae Asset Venture,120.0,115.0,12.0,68.0,380.0,5400000.0,68,5000000.0,4.5,210000.0,25000.0,25.0,Very Large,174,24,35,233,Private,0,0,0,Active,Still Private,0,4.2719451056769815,43.94016706413639,22.10190615835777,55.73359073359072,25.985714285714284,30.375037273695416,64.1025641025641,30.0,5,6.290034562211981,7.359062331235461,45.02786867703962,33.561841815299765,4.1498130283628285,32.585573016766176,0,23.09,0,2.0,0,0,0.0,0,0.0,0,2.51,0,0.46,0,3.54,1,46.0,37.0,46.0,13.0,4.0,0,39.0,39.0,35.33,19.33,6.33,0,Seed,63.43,63.43,35.09,0.7,0.77,0,80.69,80.69,19.31,1,Early Preparation,40.33,39.33,40.33,17.0,3.33,38.95,19.73,34.16,34.59
ST169,ZestMoney,FinTech,2015,"Bengaluru, India",3,Late Stage (Series C),Acquired,140.0,,Series C,Apr-24,8.0,Seed → Series A → B → C,"DMI Finance, PayU, Ribbit Capital, Omidyar",DMI Finance (Acquirer),15.0,,,,120.0,350000.0,24,10000000.0,3.9,280000.0,20000.0,22.0,Large,78,202,81,361,Acquired,2024,15,DMI Finance,Acquired,Fire Sale Asset Buyout by DMI Finance,9,18.583333333333336,15.8311345646438,5.611986803519062,39.84555984555984,7.475,45.06709265175719,-34.25414364640884,12.525,11,15.193548387096772,24.88077629091891,15.960166822708317,20.521304290064148,5.90607441996926,18.39891722599728,0,0.0,0,6.67,1,1,100.0,0,0.0,1,87.33,0,29.02,1,65.97,1,44.0,40.0,44.0,10.33,5.67,0,48.33,48.33,30.33,17.0,4.33,0,Seed,90.56,90.56,7.32,1.45,0.68,0,54.69,54.69,45.31,0,Not Ready,42.33,42.33,37.0,16.67,4.0,18.13,17.4,21.82,19.18
ST170,Faircent,FinTech,2013,"Gurugram, India",2,Growth Stage (Series B),Private,30.0,10.0,Series B,Jan-21,5.0,Seed → Series A → B,"Muthoot Fincorp, JM Financial, Bennett Coleman",Muthoot Fincorp,80.0,42.0,3.0,45.0,220.0,820000.0,38,1000000.0,4.1,42000.0,20000.0,20.0,Large,77,11,58,146,Private,0,0,0,Active,Still Private,0,9.534074514895766,33.83465470874771,7.326466275659824,35.55984555984555,8.918571428571429,4.837912673056442,44.89795918367347,30.0,13,20.97200460829493,15.10832314255151,34.346348257134814,16.602980299825,4.487127257550266,23.30199114182573,0,0.0,0,0.0,0,0,0.0,0,0.0,0,1.28,0,0.69,0,5.25,1,50.33,37.33,50.33,9.67,2.67,0,50.67,50.67,35.33,11.0,3.0,1,Pre-Series A,51.43,46.7,51.43,0.99,0.88,0,97.75,97.75,2.25,0,Not Ready,47.67,47.67,39.0,12.33,1.0,24.96,17.94,19.13,21.8
ST171,Purplle,E-commerce,2012,"Mumbai, India",3,Late Stage (Series E),Private,390.0,100.0,Series E Ext,Jul-24,10.0,Series A → B → C → D → E,"ADIA, Peak XV, Goldman Sachs, Blume Ventures",ADIA,1300.0,680.0,-124.0,62.0,2400.0,16000000.0,78,50000000.0,4.4,1200000.0,28000.0,22.0,Very Large,298,22,87,407,Private,0,0,0,Active,Still Private,0,32.049078482290994,48.66640450578445,64.15689149560117,54.98069498069498,54.000000000000014,74.74002129925451,67.64705882352942,30.0,14,52.186635944700456,51.57132346450233,59.25511418320381,62.35514009429806,35.297916634211944,61.274256733130606,1,100.0,1,94.0,0,0,0.0,1,100.0,0,32.33,0,1.75,0,33.72,1,39.0,28.0,39.0,17.67,15.33,1,31.33,26.67,31.33,26.0,16.0,2,Series A,51.9,37.71,6.04,51.9,4.35,1,79.67,20.33,79.67,1,Early Preparation,30.67,26.0,30.67,21.67,21.67,57.85,47.79,58.17,57.45
ST172,Licious,E-commerce / D2C,2015,"Bengaluru, India",2,Late Stage (Series F),Private,490.0,150.0,Series F,Mar-22,9.0,Series A → B → C → D → E → F,"Amansa Capital, Kotak PE, Temasek, 3one4 Capital",Amansa Capital,1470.0,750.0,-290.0,32.0,3200.0,9500000.0,72,10000000.0,4.4,680000.0,15000.0,18.0,Large,281,43,152,476,Private,0,0,0,Active,Still Private,0,34.51111772343649,36.03171935254719,47.82954545454545,21.81467181467181,32.06428571428573,85.9906283280085,49.895178197064986,30.0,11,54.37499999999999,53.41115617989781,51.34421935254719,36.67577470009152,39.207416325243024,48.79839793862564,1,100.0,1,65.67,0,0,0.0,1,99.33,0,45.77,0,0.71,0,28.24,1,34.0,31.0,34.0,19.67,15.33,1,31.67,27.0,31.67,28.33,13.0,2,Series A,65.91,27.52,4.93,65.91,1.64,0,96.78,96.78,3.22,1,Early Preparation,29.33,28.0,29.33,28.67,14.0,39.64,43.22,35.43,39.33
ST173,The Good Glamm Group,E-commerce,2015,"Mumbai, India",2,Late Stage (Series D),Private,270.0,30.0,Series D Ext,Apr-24,8.0,Series A → B → C → D,"Prosus, Warburg Pincus, Bessemer, L'Occitane",Prosus Ventures,1200.0,640.0,-310.0,55.0,1800.0,12000000.0,70,10000000.0,4.3,450000.0,28000.0,22.0,Very Large,85,10,81,176,Private,0,0,0,Active,Still Private,0,23.68555687802063,42.895270955956974,41.46774193548387,54.98069498069498,30.928571428571427,11.20468583599574,42.3728813559322,30.0,11,39.45161290322581,41.94395686638003,49.86301289144084,46.87032168351758,30.89354706064099,45.76986106047011,1,100.0,1,50.67,0,0,0.0,0,4.59,0,11.93,0,0.7,0,20.24,1,39.0,30.0,39.0,17.33,13.67,1,33.33,31.67,33.33,21.33,13.67,0,Seed,50.94,50.94,8.21,39.19,1.65,0,99.11,99.11,0.89,1,Early Preparation,34.0,31.67,34.0,20.33,14.0,46.48,37.38,45.34,45.73
ST174,Wakefit,E-commerce / D2C,2016,"Bengaluru, India",2,Late Stage (Series D),Private,145.0,40.0,Series D,Jan-23,5.0,Series A → B → C → D,"Investcorp, Peak XV, Verlinvest, SIG",Investcorp,320.0,1010.0,-120.0,42.0,2100.0,6800000.0,68,1000000.0,4.4,120000.0,18000.0,16.0,Large,137,34,39,210,Private,0,0,0,Active,Still Private,0,14.073798059583062,46.18311726202557,33.74868035190615,23.204633204633204,23.27142857142859,22.53537806176784,48.81516587677725,30.0,10,44.83698156682026,20.70966803365944,52.77384306847719,24.30605008064309,18.480446761927755,34.94671174138697,1,100.0,0,10.0,0,0,0.0,0,0.02,1,71.29,0,0.48,0,40.23,1,39.0,34.33,39.0,19.33,7.33,1,35.67,35.0,35.67,22.0,7.33,1,Pre-Series A,50.65,44.29,50.65,3.93,1.14,0,99.51,99.51,0.49,1,Early Preparation,36.67,36.33,36.67,23.33,3.67,36.78,28.98,25.35,32.36
ST175,Sugar Cosmetics,E-commerce / D2C,2015,"Mumbai, India",2,Late Stage (Series D),Private,105.0,50.0,Series D,May-22,6.0,Seed → Series A → B → C → D,"L Catterton, A91 Partners, Elevation Capital",L Catterton,500.0,500.0,-35.0,58.0,1600.0,8199999.999999999,74,10000000.0,4.4,380000.0,28000.0,22.0,Very Large,172,25,84,281,Private,0,0,0,Active,Still Private,0,14.316205907812163,45.489585447534,36.336510263929625,54.98069498069498,28.95714285714287,39.1433439829606,52.12765957446809,30.0,11,35.766129032258064,24.64230891310444,52.04200480237271,41.8072968412365,16.42041916243457,42.5606793954764,1,100.0,0,21.33,0,0,0.0,0,2.24,0,31.19,0,0.59,0,25.72,1,41.67,31.67,41.67,16.67,10.0,1,32.67,30.33,32.67,24.33,12.67,0,Seed,48.06,48.06,45.3,5.54,1.1,0,94.35,94.35,5.65,1,Early Preparation,32.67,31.67,32.67,24.67,11.0,45.27,30.21,41.02,42.33
ST176,WOW Skin Science,E-commerce / D2C,2014,"Bengaluru, India",2,Late Stage (PE / GIC),Private,125.0,48.0,PE Round,May-22,3.0,Angel → PE Round,"GIC (Singapore), ChrysCapital",GIC,400.0,320.0,-110.0,48.0,950.0,4200000.0,58,5000000.0,4.2,180000.0,28000.0,22.0,Very Large,91,12,77,180,Private,0,0,0,Active,Still Private,0,10.051057671499674,37.84148569108992,22.00659824046921,54.98069498069498,17.02857142857143,12.52643237486688,43.646408839779006,30.0,12,29.368663594470046,15.856032975292871,41.32535665883184,32.9302763412794,11.957428252352315,33.00521431468641,1,99.67,0,2.67,0,0,0.0,0,0.0,0,5.15,0,0.64,0,22.37,1,41.67,36.33,41.67,17.0,5.0,0,38.67,38.67,36.33,18.0,7.0,1,Pre-Series A,62.52,35.95,62.52,0.67,0.86,0,88.36,88.36,11.64,0,Not Ready,39.33,39.33,37.67,17.67,5.33,36.4,21.98,33.27,33.76
ST177,Minimalist,E-commerce / D2C,2020,"Jaipur, India",2,Growth Stage (Series A),Private,15.0,14.0,Series A,Aug-21,2.0,Seed → Series A,"Peak XV, Unilever Ventures",Peak XV Partners,120.0,350.0,18.0,65.0,480.0,5800000.0,72,1000000.0,4.6,95000.0,28000.0,22.0,Very Large,135,25,45,205,Private,0,0,0,Active,Still Private,0,4.001870987520738,46.53735158311345,22.95615835777126,54.98069498069498,27.057142857142857,21.41035143769968,53.398058252427184,30.0,6,12.338133640552996,7.193806438756647,46.80146448633926,33.64949942115366,6.270310082123422,32.816183035749056,1,88.69,0,1.67,0,0,0.0,0,0.0,0,2.38,0,0.37,0,3.99,1,45.67,37.33,45.67,12.67,4.33,0,39.0,39.0,35.0,20.0,6.0,0,Seed,52.86,52.86,45.34,0.87,0.93,0,90.39,90.39,9.61,1,Early Preparation,39.67,37.67,39.67,19.33,3.33,40.03,20.43,34.28,35.3
ST178,Plum Goodness,E-commerce / D2C,2013,"Thane, India",1,Late Stage (Series C),Private,50.0,35.0,Series C,Mar-22,4.0,Seed → Series A → B → C,"A91 Partners, Unilever Ventures, Faering Capital",A91 Partners,250.0,320.0,-42.0,58.0,850.0,4800000.0,62,5000000.0,4.4,210000.0,28000.0,22.0,Very Large,108,24,90,222,Private,0,0,0,Active,Still Private,0,8.80676080213518,42.584737162573575,23.020527859237536,54.98069498069498,22.842857142857163,21.995825346112884,37.66816143497758,30.0,13,30.54377880184332,14.996619840997838,45.42344683999293,34.19807980587146,9.370858940106764,34.573191947686524,1,99.99,0,2.0,0,0,0.0,0,0.0,0,8.24,0,0.62,0,21.24,1,43.0,34.67,43.0,16.0,6.33,0,37.67,37.67,34.0,21.33,7.0,1,Pre-Series A,70.93,27.77,70.93,0.54,0.76,0,93.14,93.14,6.86,1,Early Preparation,39.0,35.67,39.0,19.67,5.67,38.94,22.9,34.57,35.32
ST179,MCaffeine,E-commerce / D2C,2016,"Mumbai, India",2,Late Stage (Series C),Private,45.0,30.0,Series C,Mar-22,5.0,Seed → Series A → B → C,"Singularity Growth, Amicus Capital, Paragon Partners",Singularity Growth,220.0,210.0,-85.0,62.0,620.0,3900000.0,58,5000000.0,4.3,160000.0,28000.0,22.0,Very Large,152,21,48,221,Private,0,0,0,Active,Still Private,0,10.24805687802063,41.83716637913537,19.50256598240469,54.98069498069498,19.09285714285714,26.026411075612348,59.009009009009006,30.0,10,20.514400921658986,17.192261269576687,43.8795050888128,32.596172627994584,8.339390438709913,34.16170704324396,1,98.77,0,3.0,0,0,0.0,0,0.0,0,17.34,0,0.51,0,11.79,1,43.67,36.0,43.67,15.67,4.67,0,38.0,38.0,33.67,21.33,7.0,1,Pre-Series A,66.72,31.53,66.72,0.84,0.9,0,98.28,98.28,1.72,0,Not Ready,39.33,39.33,35.67,21.67,3.33,37.44,23.05,33.13,34.02
ST180,The Man Company,E-commerce / D2C,2015,"Gurugram, India",3,Growth Stage (Series B),Acquired,20.0,,Series B,Sep-24,5.0,Seed → Series A → B,"Emami (Acquirer), FMCG Partners",Emami (Acquirer),50.0,185.0,-18.0,52.0,540.0,2800000.0,52,1000000.0,4.3,85000.0,12000.0,20.0,Large,159,16,85,260,Acquired,2024,50,Emami,Acquired,100% Acquisition by FMCG Giant Emami,9,9.083333333333332,38.48429254617414,15.047800586510265,20.42471042471042,16.28571428571429,33.97733759318424,54.78927203065134,13.749999999999998,11,21.570564516129032,14.479577543411432,40.16675222359349,13.482785647138291,5.248673575627285,23.284883169555588,0,0.01,0,0.33,0,0,0.0,0,0.0,1,94.55,0,13.14,1,92.18,1,44.33,42.0,44.33,11.0,2.67,0,42.0,42.0,37.0,17.33,3.67,0,Seed,79.53,79.53,17.61,1.64,1.22,0,77.74,77.74,22.26,0,Not Ready,42.67,42.67,37.0,17.0,3.33,26.0,20.32,16.4,21.77
ST181,Beardo,E-commerce / D2C,2015,"Ahmedabad, India",2,Growth Stage (Series A),Acquired,12.0,,Series A,Jul-20,4.0,Seed → Series A,"Marico (Acquirer), Venture Catalysts",Marico (Acquirer),45.0,140.0,12.0,55.0,420.0,2400000.0,50,1000000.0,4.2,75000.0,12000.0,20.0,Large,129,22,82,233,Acquired,2020,45,Marico,Acquired,Strategic Acquisition by FMCG Giant Marico,5,7.116666666666667,39.33079206413639,13.319061583577712,20.42471042471042,13.3,26.061938232161875,45.72649572649573,21.575,11,19.846774193548388,11.550701930666335,40.52030819316864,11.62134401050941,4.151576455529246,22.132477101619763,0,0.0,0,1.0,0,0,0.0,0,0.0,1,68.58,1,81.25,1,91.26,1,48.0,40.67,48.0,9.67,1.67,0,45.33,45.33,37.33,14.33,3.0,0,Seed,81.49,81.49,16.47,1.09,0.96,0,83.23,83.23,16.77,0,Not Ready,43.67,43.67,38.0,15.33,3.0,25.46,18.94,14.85,20.87
ST182,Man Matters (Mosaic),E-commerce / D2C,2020,"Mumbai, India",2,Growth Stage (Series B),Private,38.0,24.0,Series B,Nov-22,3.0,Seed → Series A → B,"AdvantEdge, Elevation Capital, Matrix Partners India",AdvantEdge,150.0,220.0,-62.0,58.0,480.0,3500000.0,56,5000000.0,4.4,140000.0,18000.0,22.0,Large,158,19,63,240,Private,0,0,0,Active,Still Private,0,6.606778835749838,40.75838491982952,17.644794721407624,36.06177606177607,21.05000000000002,30.14815761448349,57.67634854771784,30.0,6,10.713133640552993,10.80733366307328,41.83499782305532,22.193926406844863,6.289696243301346,27.85164753429912,0,0.12,0,0.0,0,0,0.0,0,0.0,0,3.27,0,0.41,0,4.18,1,45.67,38.33,45.67,12.67,3.33,0,45.0,45.0,36.33,15.67,3.0,0,Seed,57.75,57.75,40.43,0.89,0.93,0,91.27,91.27,8.73,0,Not Ready,41.67,41.67,40.33,17.67,0.33,31.47,19.67,24.13,27.16
ST183,Kapiva,E-commerce / D2C,2016,"Bengaluru, India",2,Late Stage (Series C),Private,42.0,15.0,Series C Ext,Oct-23,5.0,Seed → Series A → B → C,"3one4 Capital, Vertex Ventures, Fireside Ventures",3one4 Capital,130.0,210.0,-48.0,54.0,580.0,3800000.0,58,1000000.0,4.4,95000.0,18000.0,22.0,Large,141,22,42,205,Private,0,0,0,Active,Still Private,0,10.021945105676982,39.248369951288815,17.91950146627566,36.06177606177607,19.91428571428573,21.98543130990415,57.76699029126213,30.0,10,20.12730414746544,15.995082006584411,41.0326441448372,23.07848807958952,6.946683160154951,29.0809587707546,0,2.81,0,0.0,0,0,0.0,0,0.0,0,5.22,0,0.68,0,10.4,1,45.33,36.33,45.33,15.0,3.33,0,40.33,40.33,36.33,18.67,4.67,1,Pre-Series A,65.25,32.95,65.25,0.86,0.93,0,99.12,99.12,0.88,0,Not Ready,40.33,40.33,40.33,19.0,0.33,31.24,21.65,24.76,27.55
ST184,Snitch,E-commerce / D2C,2020,"Bengaluru, India",1,Growth Stage (Series A),Private,14.0,13.2,Series A,Dec-23,2.0,Seed → Series A,"SWC Global, IvyCap Ventures",SWC Global,75.0,250.0,15.0,52.0,380.0,4200000.0,68,5000000.0,4.5,180000.0,22000.0,20.0,Large,106,15,39,160,Private,0,0,0,Active,Still Private,0,3.958311692995744,39.935273746701846,20.601906158357767,39.34362934362934,24.52857142857143,10.230798722044726,56.52173913043478,30.0,6,10.120391705069125,6.637741138563477,40.17922535960507,24.75089204733427,4.657718608497424,26.80557221240012,0,0.01,0,0.0,0,0,0.0,0,0.0,0,1.17,0,0.46,0,3.46,1,44.67,39.33,44.67,12.67,3.33,0,44.0,44.0,38.67,14.33,3.0,0,Seed,62.22,62.22,36.21,0.8,0.77,0,90.84,90.84,9.16,0,Not Ready,43.0,43.0,42.67,14.0,0.33,32.47,17.94,26.45,28.42
ST185,Bewakoof,E-commerce / D2C,2012,"Mumbai, India",2,Late Stage (Series B),Acquired,40.0,,Series B,Jan-23,6.0,Seed → Series A → B,"Aditya Birla Digital (TMRW), IndigoEdge",TMRW (Acquirer),60.0,170.0,-35.0,42.0,850.0,7200000.0,66,10000000.0,4.3,520000.0,22000.0,20.0,Large,118,8,72,198,Acquired,2023,60,Aditya Birla Digital First (TMRW),Acquired,Majority Stake Acquisition by TMRW,11,11.5,34.17948929368784,28.42961876832845,39.34362934362934,26.185714285714283,18.47429179978701,55.27638190954774,10.1,14,30.811635944700456,17.742627585992025,37.9556989711072,30.10673511857341,5.994475557701895,29.503509062827217,1,72.64,0,0.0,0,0,0.0,0,0.0,1,95.24,0,7.16,1,97.56,1,41.33,37.67,41.33,14.67,6.33,0,36.0,36.0,34.33,23.67,6.0,0,Seed,71.55,71.55,25.67,1.29,1.49,0,88.55,88.55,11.45,1,Early Preparation,39.67,33.33,39.67,22.0,5.0,33.37,22.78,30.72,31.42
ST186,The Souled Store,E-commerce / D2C,2013,"Mumbai, India",4,Late Stage (Series C),Private,35.0,16.0,Series C,Mar-23,4.0,Seed → Series A → B → C,"Xponentia Capital, Elevation Capital",Xponentia Capital,140.0,280.0,8.0,55.0,920.0,8500000.0,74,5000000.0,4.6,340000.0,22000.0,20.0,Large,145,15,72,232,Private,0,0,0,Active,Still Private,0,8.100352557166559,41.465521615587576,30.82441348973607,39.34362934362934,32.55,27.408817891373804,55.793991416309005,30.0,13,30.72119815668203,13.270257424341558,45.00584419623274,31.310581294642347,7.162089496484506,33.97465490550772,1,99.89,0,0.33,0,0,0.0,0,4.51,0,6.51,0,0.34,0,22.08,1,43.33,36.0,43.33,15.0,5.67,0,36.33,36.33,36.0,21.0,6.67,1,Pre-Series A,81.93,16.53,81.93,0.7,0.85,0,51.9,51.9,48.1,1,Early Preparation,40.67,35.67,40.67,20.33,3.33,37.32,23.17,32.01,33.68
ST187,Clovia,E-commerce / D2C,2013,"Noida, India",3,Late Stage (Series B),Acquired,25.0,,Series B,Mar-22,5.0,Seed → Series A → B,"Reliance Retail (Acquirer), IvyCap Ventures",Reliance Retail (Acquirer),125.0,310.0,-28.0,48.0,780.0,4500000.0,58,5000000.0,4.3,240000.0,14000.0,18.0,Large,118,10,44,172,Acquired,2022,125,Reliance Retail,Acquired,Strategic Buyout by Reliance Retail,9,9.270833333333334,38.76702988634057,21.28482404692081,19.92277992277992,20.192857142857143,13.620958466453676,62.42774566473989,16.375,13,29.741359447004605,15.47666002643112,41.216626660534125,16.307076188884878,7.580854523019482,25.1587983181698,0,0.19,0,0.0,0,0,0.0,0,0.0,1,86.84,0,12.92,1,96.39,1,45.33,39.67,45.33,12.33,2.67,0,42.33,42.33,38.33,16.0,3.33,0,Seed,49.06,49.06,48.27,1.3,1.37,0,93.16,93.16,6.84,1,Early Preparation,41.33,39.33,41.33,15.67,3.67,28.01,21.72,18.89,24.18
ST188,Zivame,E-commerce / D2C,2011,"Bengaluru, India",2,Late Stage (Series C),Acquired,68.0,,Series C,May-20,7.0,Series A → B → C,"Reliance Retail (Acquirer), Zodius Capital",Reliance Retail (Acquirer),180.0,340.0,-42.0,45.0,950.0,5800000.0,62,10000000.0,4.3,380000.0,14000.0,18.0,Large,170,11,54,235,Acquired,2020,180,Reliance Retail,Acquired,Strategic Acquisition by Reliance Retail,9,14.216666666666669,37.897237162573575,26.41568914956012,19.92277992277992,23.88571428571429,30.3649840255591,67.37288135593221,18.3,15,36.047235023041466,22.4833625425806,41.2561081303155,20.4020047579095,10.18408323207461,29.801142129492003,1,83.56,0,1.33,0,0,0.0,0,0.0,1,98.79,0,12.9,1,96.91,1,38.33,36.0,38.33,21.0,4.67,1,36.67,34.67,36.67,22.33,6.33,0,Seed,53.91,53.91,40.79,3.87,1.43,0,97.56,97.56,2.44,1,Early Preparation,37.67,33.33,37.67,24.0,5.0,29.8,25.55,22.19,26.86
ST189,BlueStone,E-commerce / D2C,2011,"Bengaluru, India",2,Late Stage (Pre-IPO),Private,220.0,550.0,Pre-IPO / PE,Aug-24,11.0,Series A → B → C → D → Pre-IPO,"Peak XV, Accel, Kalaari, MEMG (Ranjan Pai)",Ranjan Pai (MEMG),960.0,1270.0,-140.0,48.0,1800.0,6400000.0,66,5000000.0,4.4,210000.0,25000.0,18.0,Very Large,237,43,84,364,Private,0,0,0,Active,Pre-IPO Stage,0,30.74909831926712,52.28945732697382,32.058651026392965,40.73359073359072,24.55714285714288,60.86670926517572,53.15068493150685,30.0,15,55.89804147465438,48.44254411245431,55.31969926245769,37.54054419301908,35.4314436248546,49.48856936413252,1,100.0,0,47.67,0,0,0.0,0,0.16,0,43.39,0,0.59,0,21.15,1,37.0,29.67,37.0,18.33,15.0,1,32.0,29.33,32.0,25.0,13.67,2,Series A,57.2,33.84,6.67,57.2,2.29,0,97.42,97.42,2.58,1,Early Preparation,34.33,28.0,34.33,23.67,14.0,44.28,42.13,36.54,41.46
ST190,CaratLane,E-commerce / D2C,2008,"Chennai, India",2,Late Stage (Series D),Subsidiary,58.0,4621.0,Series D,Aug-23,6.0,Series A → B → C → D,Titan Company (Parent),Titan Company,2000.0,3080.0,240.0,38.0,2800.0,12000000.0,78,10000000.0,4.5,480000.0,25000.0,18.0,Very Large,132,12,72,216,Acquired,2023,2000,Titan Company,Subsidiary,100% Buyout of Remaining Founder Stake by Titan,15,47.175,81.73774609295717,49.7375366568915,40.73359073359072,36.1,23.17614483493077,55.29953917050692,70.0,18,94.62903225806453,62.39536449246012,79.90710093166685,51.197272230130494,72.71974106975946,72.41336999737132,1,100.0,1,69.67,0,0,0.0,1,100.0,1,54.16,0,1.66,1,62.67,1,33.33,31.33,33.33,19.67,15.67,1,31.33,28.67,31.33,25.0,15.0,2,Series A,48.51,46.19,3.06,48.51,2.24,0,97.43,97.43,2.57,1,Early Preparation,31.0,26.67,31.0,23.67,18.67,63.31,61.55,46.62,57.33
ST191,Giva,E-commerce / D2C,2019,"Bengaluru, India",3,Late Stage (Series B Extended),Private,75.0,255.0,Series B Ext,Jul-24,5.0,Seed → Series A → B → B Ext,"PremjiInvest, Peak XV, Aditya Birla Ventures",PremjiInvest,250.0,270.0,-58.0,58.0,1200.0,7800000.0,76,5000000.0,4.5,290000.0,25000.0,20.0,Very Large,280,23,142,445,Private,0,0,0,Active,Still Private,0,13.07723346317536,41.59240536837833,32.21041055718475,45.01930501930501,29.01428571428572,80.10811501597442,57.62331838565022,30.0,7,20.44873271889401,19.27634982422524,47.00167956192672,35.24303810429521,10.208640598387133,38.89627213185141,1,100.0,0,14.67,0,0,0.0,0,2.32,0,16.25,0,0.37,0,6.38,1,39.67,32.33,39.67,19.33,8.67,1,32.67,28.67,32.67,27.33,11.33,1,Pre-Series A,61.21,32.84,61.21,4.8,1.15,0,98.13,98.13,1.87,1,Early Preparation,36.0,31.33,36.0,24.67,8.0,39.7,26.59,35.04,36.55
ST192,Melorra,E-commerce / D2C,2016,"Bengaluru, India",1,Late Stage (Series D),Private,82.0,16.0,Series D,May-22,6.0,Seed → Series A → B → C → D,"Lightbox, Symphony International",Lightbox,180.0,360.0,-115.0,32.0,650.0,3200000.0,52,1000000.0,4.2,85000.0,25000.0,18.0,Very Large,102,25,43,170,Private,0,0,0,Active,Still Private,0,13.196185890499892,32.24667647655774,16.2574780058651,40.73359073359072,14.214285714285715,11.714078807241748,45.02923976608187,30.0,10,22.679723502304142,20.192272985730312,33.54506357333194,24.4499422718816,10.0593717869828,27.899749956808893,0,1.19,0,0.0,0,0,0.0,0,0.0,0,7.33,0,0.34,0,6.44,1,40.33,37.0,40.33,18.0,4.67,0,40.67,40.67,38.33,16.0,5.0,1,Pre-Series A,71.15,26.64,71.15,1.3,0.92,0,98.84,98.84,1.16,0,Not Ready,40.67,40.67,37.67,19.67,2.0,28.62,21.25,25.74,26.84
ST193,Nestasia,E-commerce / D2C,2019,"Kolkata, India",2,Growth Stage (Series B),Private,12.0,8.0,Series B,Nov-24,3.0,Seed → Series A → B,"Stellaris Venture Partners, Vertex Ventures",Stellaris Venture Partners,50.0,85.0,-18.0,48.0,340.0,2800000.0,55,1000000.0,4.5,65000.0,20000.0,18.0,Large,167,26,71,264,Private,0,0,0,Active,Still Private,0,5.510592945249946,35.383331007712606,14.439296187683285,31.274131274131268,21.17142857142857,35.490777422790195,53.20754716981132,30.0,7,9.81365207373272,8.96011691488036,36.4004681044868,18.48872577859319,3.2181099280284147,24.64289165564894,0,0.0,0,0.67,0,0,0.0,0,0.0,0,2.65,0,0.43,0,3.44,1,46.33,42.0,46.33,8.67,3.0,0,47.33,47.33,37.33,12.67,2.67,0,Seed,68.62,68.62,29.78,0.89,0.71,0,90.89,90.89,9.11,0,Not Ready,42.67,42.67,41.33,15.67,0.33,26.97,16.78,20.96,23.15
ST194,Beco,E-commerce / D2C,2019,"Mumbai, India",3,Growth Stage (Series B),Private,14.0,10.0,Series B,Sep-24,3.0,Seed → Series A → B,"Tanglin Venture Partners, Rukam Capital",Tanglin Venture Partners,45.0,48.0,-12.0,45.0,220.0,1800000.0,48,500000.0,4.5,32000.0,15000.0,22.0,Large,135,15,85,235,Private,0,0,0,Active,Still Private,0,5.600741181562433,33.730515526689665,10.674193548387096,30.386100386100384,19.76142857142857,27.01035143769968,50.84745762711864,30.0,7,8.189861751152074,8.956454270002492,34.204709075076764,16.486055915882197,2.825285958530658,22.65713087133667,0,0.0,0,1.0,0,0,0.0,0,0.0,0,1.35,0,0.47,0,3.29,1,48.33,41.33,48.33,8.0,2.33,0,50.67,50.67,36.0,10.0,3.33,0,Seed,85.55,85.55,13.29,0.67,0.49,0,92.95,92.95,7.05,0,Not Ready,45.33,45.33,40.33,13.67,0.67,24.86,15.69,19.23,21.1
ST195,SuperBottoms,E-commerce / D2C,2016,"Mumbai, India",1,Growth Stage (Series A),Private,8.0,5.0,Series A,Aug-23,3.0,Seed → Pre-Series A → Series A,"Lok Capital, DSG Consumer Partners",Lok Capital,30.0,40.0,-9.0,42.0,210.0,1500000.0,45,500000.0,4.6,42000.0,12000.0,20.0,Large,135,33,61,229,Private,0,0,0,Active,Still Private,0,5.3378705907812165,32.49124720925513,9.55285923753666,20.42471042471042,21.99714285714285,25.89035143769968,44.34782608695652,30.0,10,14.421658986175112,8.619135562063809,32.95092462860996,11.735951999449938,2.449273663384845,20.53629065377444,0,0.0,0,1.33,0,0,6.31,0,0.0,0,1.6,0,0.54,0,2.69,1,49.0,41.33,49.0,8.0,1.67,0,55.0,55.0,32.0,10.0,3.0,0,Seed,88.11,88.11,10.9,0.58,0.41,0,96.03,96.03,3.97,0,Not Ready,47.33,47.33,38.67,13.67,0.33,21.71,14.98,15.13,17.72
ST196,The Whole Truth,E-commerce / D2C,2019,"Mumbai, India",1,Growth Stage (Series B),Private,22.0,15.0,Series B,Dec-22,3.0,Seed → Series A → B,"Peak XV, Matrix Partners India, RxBn",Peak XV Partners,90.0,95.0,-28.0,48.0,280.0,2600000.0,62,500000.0,4.6,58000.0,18000.0,22.0,Large,99,11,41,151,Private,0,0,0,Active,Still Private,0,5.9386117723436485,35.40765488634057,15.243108504398828,36.06177606177607,23.26714285714285,7.879872204472845,57.89473684210527,30.0,7,9.358006912442397,9.692605971149051,35.97519520892122,21.664357791665047,4.03104563263335,24.77163734486266,0,0.0,0,0.0,0,0,0.0,0,0.0,0,0.7,0,0.39,0,2.67,1,47.67,39.33,47.67,9.67,3.33,0,48.67,48.67,39.33,9.67,2.33,0,Seed,55.34,55.34,42.82,0.99,0.85,0,90.57,90.57,9.43,0,Not Ready,43.67,43.67,42.67,13.33,0.33,28.44,17.17,23.74,24.88
ST197,Slurrp Farm,E-commerce / D2C,2016,"New Delhi, India",2,Growth Stage (Series C),Private,17.0,7.2,Series C,Jan-24,4.0,Seed → Series A → B → C,"Fireside Ventures, Investment Corp",Fireside Ventures,60.0,62.0,-22.0,45.0,260.0,2100000.0,54,500000.0,4.5,36000.0,18000.0,22.0,Large,159,21,57,237,Private,0,0,0,Active,Still Private,0,7.358700317391619,33.81733940531763,12.670894428152494,36.06177606177607,20.10571428571429,29.684004259850905,57.98319327731093,30.0,10,15.180529953917048,11.875270704812646,34.46209746983376,20.511225927724723,3.714963783778872,25.872096526019,0,0.0,0,0.33,0,0,0.0,0,0.0,0,1.36,0,0.43,0,2.42,1,51.0,36.67,51.0,9.67,2.67,0,49.0,49.0,37.67,11.33,2.0,0,Seed,62.05,62.05,36.26,0.94,0.76,0,89.75,89.75,10.25,1,Early Preparation,44.0,41.33,44.0,14.33,0.33,27.01,17.29,22.68,23.76
ST198,Blue Tokai Coffee,E-commerce / D2C,2013,"New Delhi, India",2,Late Stage (Series C),Private,81.0,35.0,Series C Ext,Aug-24,6.0,Seed → Series A → B → C,"Verlinvest, Anicut Capital, A91 Partners",Verlinvest,220.0,220.0,-35.0,62.0,1400.0,3800000.0,64,1000000.0,4.6,82000.0,10000.0,20.0,Medium,129,21,64,214,Private,0,0,0,Active,Still Private,0,13.302594135468516,42.65304698599554,24.573460410557185,16.640926640926633,24.84,22.51527156549521,50.23255813953489,30.0,13,34.616359447004605,20.72797145672358,49.66514376018908,18.128851417193665,9.367662198950024,30.156727861002537,1,95.56,0,0.33,0,0,0.0,0,0.01,1,57.14,0,0.44,0,26.38,1,45.0,33.33,45.0,18.67,3.0,0,38.33,38.33,36.33,20.0,5.33,1,Pre-Series A,63.77,32.73,63.77,2.49,1.0,0,99.53,99.53,0.47,1,Early Preparation,38.67,36.33,38.67,22.67,2.33,31.39,26.36,20.24,26.51
ST199,Third Wave Coffee,E-commerce / D2C,2016,"Bengaluru, India",3,Late Stage (Series C),Private,66.0,35.0,Series C,Sep-23,4.0,Seed → Series A → B → C,"Creaegis, WestBridge Capital, Multiples PE",Creaegis,160.0,240.0,-54.0,58.0,1600.0,4200000.0,66,1000000.0,4.5,95000.0,10000.0,20.0,Medium,168,9,78,255,Private,0,0,0,Active,Still Private,0,9.40676080213518,41.176425816927136,26.8183284457478,16.640926640926633,22.842857142857145,33.90662406815761,62.109375,30.0,10,30.37327188940092,14.304930845484382,49.35384517176585,17.257696927838946,7.480896795291208,29.35222426564977,0,34.76,0,0.67,0,0,0.0,0,0.0,0,12.8,0,0.94,0,17.89,1,47.33,33.67,47.33,15.67,3.33,0,39.0,39.0,37.0,18.67,5.33,0,Seed,56.94,56.94,40.52,1.31,1.23,0,73.27,73.27,26.73,0,Not Ready,40.33,40.33,39.67,18.33,1.67,31.03,23.59,19.53,26.1
ST200,Sleepy Owl Coffee,E-commerce / D2C,2016,"New Delhi, India",3,Growth Stage (Series A),Private,11.0,6.5,Series A,Nov-21,3.0,Seed → Pre-Series A → Series A,"Rukam Capital, DSG Consumer Partners",Rukam Capital,40.0,45.0,-16.0,52.0,280.0,1800000.0,48,500000.0,4.4,28000.0,10000.0,20.0,Medium,158,28,41,227,Private,0,0,0,Active,Still Private,0,5.461731768015581,36.32317777044855,11.061290322580644,16.640926640926633,17.238571428571447,27.721490947816825,57.01754385964912,30.0,10,15.16157834101382,8.812572146840727,37.20321809302919,9.40630742020182,2.681102249890952,21.236349314919103,0,0.0,0,0.33,0,0,0.0,0,0.0,0,3.34,0,0.55,0,2.21,1,48.67,39.33,48.67,10.33,1.67,0,54.33,54.33,35.0,8.67,2.0,0,Seed,65.66,65.66,32.49,1.04,0.8,0,92.85,92.85,7.15,0,Not Ready,45.67,45.67,39.67,14.0,0.67,22.67,16.49,13.02,18.06
